,Entity,Code,Year,All_ages,50_69,15_49,70_plus
112,Andean Latin America,,1990,31.17556033,145.9573125,8.309627059,523.6289357
113,Andean Latin America,,1991,30.56304877,141.9655886,7.8226311,510.9632514
114,Andean Latin America,,1992,31.08860853,141.9346586,7.936486065,514.6413335
115,Andean Latin America,,1993,31.03546915,139.2271089,7.903782481,508.7736546
116,Andean Latin America,,1994,30.19703374,133.0161582,7.583526166,490.0480239
117,Andean Latin America,,1995,29.91792166,130.0030744,7.331507193,478.14242
118,Andean Latin America,,1996,29.43818158,125.5844932,7.012387832,462.3607578
119,Andean Latin America,,1997,28.62816161,118.9716789,6.607507856,445.3206516
120,Andean Latin America,,1998,28.3872369,114.5349852,6.334871493,437.2930343
121,Andean Latin America,,1999,27.51971087,108.1958944,5.933117712,418.3199229
122,Andean Latin America,,2000,27.06887657,104.0859356,5.669968155,404.8429524
123,Andean Latin America,,2001,26.46178858,98.7558487,5.277868831,389.2707522
124,Andean Latin America,,2002,27.00765274,98.07500124,5.259217149,388.913558
125,Andean Latin America,,2003,27.59067759,97.22780969,5.246860988,390.2768387
126,Andean Latin America,,2004,27.91471857,95.43513061,5.157498062,388.6322875
127,Andean Latin America,,2005,28.1602887,94.11324643,5.070423613,384.5627212
128,Andean Latin America,,2006,27.97488057,91.05850593,4.875409036,376.5309948
129,Andean Latin America,,2007,28.04843465,89.35729424,4.754998932,371.6079692
130,Andean Latin America,,2008,28.48906797,88.96656461,4.763974583,370.4914963
131,Andean Latin America,,2009,29.24738402,89.54565492,4.831799117,374.1245027
132,Andean Latin America,,2010,29.4542303,87.48842793,4.725712317,375.3129115
133,Andean Latin America,,2011,29.11708625,84.38539809,4.493107075,368.2849541
134,Andean Latin America,,2012,28.43955271,80.45122338,4.233811606,358.2754198
135,Andean Latin America,,2013,27.47650744,76.34502046,3.983623259,343.1960445
136,Andean Latin America,,2014,26.57500363,72.51433055,3.750005821,328.7337307
137,Andean Latin America,,2015,26.01222286,69.81203963,3.591546527,317.3080396
138,Andean Latin America,,2016,25.87791473,68.36787608,3.502305468,309.5455746
139,Andean Latin America,,2017,25.70450539,66.72192755,3.430342147,301.8333675
280,Australasia,,1990,166.0678144,376.1137828,14.43562341,1315.287797
281,Australasia,,1991,158.5962879,351.7094997,13.74159153,1244.064395
282,Australasia,,1992,155.2836409,334.9671554,13.26579098,1213.245637
283,Australasia,,1993,148.6447098,311.136861,12.5936112,1159.007309
284,Australasia,,1994,145.6738425,294.6058461,12.307753,1132.340527
285,Australasia,,1995,141.0633608,276.6597813,12.05126527,1088.98055
286,Australasia,,1996,137.5602108,261.1020947,11.73807874,1052.819894
287,Australasia,,1997,131.9615191,240.854745,11.39941079,999.6855582
288,Australasia,,1998,126.2265198,221.5765272,11.04692485,947.7170714
289,Australasia,,1999,121.7035325,205.0721319,10.73351895,908.466375
290,Australasia,,2000,117.8449249,192.2106909,10.53272751,872.1512714
291,Australasia,,2001,114.749581,181.8689692,10.18557356,841.4941499
292,Australasia,,2002,113.2749783,174.9845647,10.11541582,826.6007957
293,Australasia,,2003,109.9635389,166.5382848,10.01354853,796.6565712
294,Australasia,,2004,106.6553703,159.1929417,9.729268023,767.303888
295,Australasia,,2005,102.8187106,152.3551309,9.451737971,732.0489918
296,Australasia,,2006,100.095081,146.0613023,9.131919688,707.0952133
297,Australasia,,2007,99.73623426,144.97497,9.047585842,696.0389002
298,Australasia,,2008,97.52856418,140.4051758,8.753565738,675.2453347
299,Australasia,,2009,94.31176099,135.4553345,8.54432609,644.0165405
300,Australasia,,2010,91.6936102,130.8868441,8.163010688,619.2766547
301,Australasia,,2011,90.53920822,127.6381796,7.665477428,606.3683554
302,Australasia,,2012,88.05269562,123.1367532,7.22436016,581.9906902
303,Australasia,,2013,86.81772017,121.5564499,7.058149582,563.5250874
304,Australasia,,2014,87.75252422,122.2990127,7.081337334,558.6620438
305,Australasia,,2015,88.11868479,121.6312665,7.05220516,552.2056589
306,Australasia,,2016,88.4847532,121.4788686,6.99471572,544.2809034
307,Australasia,,2017,90.74622535,123.4555536,6.807901664,545.3128332
1008,Caribbean,,1990,80.22461203,290.0122648,14.50006404,927.6242522
1009,Caribbean,,1991,79.15033849,281.8833463,14.34191333,910.1727602
1010,Caribbean,,1992,79.63632652,277.8695549,14.30655339,916.4842007
1011,Caribbean,,1993,80.47207258,277.3087182,14.39832573,919.8791045
1012,Caribbean,,1994,80.28506194,274.2028015,14.31918072,907.2483768
1013,Caribbean,,1995,79.75514373,269.8172191,14.24117022,889.6643141
1014,Caribbean,,1996,79.37035585,265.1917614,14.03978295,876.8964839
1015,Caribbean,,1997,78.29075629,259.206125,13.88009859,850.8429854
1016,Caribbean,,1998,78.63036635,258.1562463,13.81794531,840.3413694
1017,Caribbean,,1999,78.1993861,252.4998828,13.34743398,829.6359527
1018,Caribbean,,2000,76.13443863,242.9160689,12.7160201,797.8774045
1019,Caribbean,,2001,76.03906122,239.8484436,12.30470941,786.1407001
1020,Caribbean,,2002,73.66877825,229.4221885,11.69566401,751.0719527
1021,Caribbean,,2003,74.48838579,227.6940955,11.53235291,753.2370155
1022,Caribbean,,2004,75.48848396,225.7514557,11.37741601,758.7032641
1023,Caribbean,,2005,76.46983647,225.4928558,11.3420732,757.3296636
1024,Caribbean,,2006,75.00429123,219.6043047,10.97623411,726.9473001
1025,Caribbean,,2007,75.69382731,219.3156393,10.93160183,718.9165275
1026,Caribbean,,2008,76.73357647,217.8176065,10.93851474,720.2050867
1027,Caribbean,,2009,77.58941463,216.9870513,10.86067971,717.9290535
1028,Caribbean,,2010,77.7413235,213.3362304,10.64742427,710.9497625
1029,Caribbean,,2011,75.82611756,204.6042792,10.25898875,680.9809505
1030,Caribbean,,2012,77.49625172,206.4133826,10.35398658,680.1887483
1031,Caribbean,,2013,79.29206396,207.8593486,10.32822243,683.158615
1032,Caribbean,,2014,80.83207859,207.6435895,10.23478377,685.9539919
1033,Caribbean,,2015,82.72379593,208.9305025,10.22544591,689.4749448
1034,Caribbean,,2016,83.47233471,207.4872375,10.13194302,683.0134481
1035,Caribbean,,2017,83.09180268,203.3583589,9.939595899,668.3852303
1064,Central Asia,,1990,79.46446295,378.6148453,19.90187957,703.0308263
1065,Central Asia,,1991,82.45196021,397.460648,20.52186979,715.5047686
1066,Central Asia,,1992,86.228205,419.5869056,22.11395569,741.4236215
1067,Central Asia,,1993,91.2645022,450.7472663,24.74990561,770.251668
1068,Central Asia,,1994,95.34744436,478.5504846,27.5843143,797.9996115
1069,Central Asia,,1995,97.28519862,494.0823863,30.49443045,800.0863932
1070,Central Asia,,1996,97.06433922,496.340721,31.93676625,795.4256413
1071,Central Asia,,1997,94.48129195,482.0639529,31.37363577,784.420564
1072,Central Asia,,1998,92.09669639,465.9689051,30.43981436,780.1742479
1073,Central Asia,,1999,89.46577081,446.6652752,29.45977089,771.7243699
1074,Central Asia,,2000,90.24744454,444.9794784,30.19699722,777.3791133
1075,Central Asia,,2001,90.48660165,435.1707628,29.98944597,786.8549857
1076,Central Asia,,2002,92.08541586,435.1436709,29.66168374,813.2084061
1077,Central Asia,,2003,93.86987162,434.6952424,29.69891959,836.8604902
1078,Central Asia,,2004,94.04873007,427.1031107,29.57295982,843.7687923
1079,Central Asia,,2005,94.59523585,418.8621168,29.81942082,851.3292208
1080,Central Asia,,2006,93.86761333,403.3793441,29.11916323,856.4142296
1081,Central Asia,,2007,92.47878514,384.0423194,27.90726186,859.5723618
1082,Central Asia,,2008,90.12769291,360.798022,25.77523063,863.3837074
1083,Central Asia,,2009,87.60447659,338.5097227,23.78395017,857.4628127
1084,Central Asia,,2010,87.56159614,328.5552737,22.85043362,865.4042251
1085,Central Asia,,2011,87.50391449,321.0240641,21.97068726,867.5101263
1086,Central Asia,,2012,86.88178044,315.1065345,21.13622849,859.526304
1087,Central Asia,,2013,85.87173194,310.004139,20.35481807,846.4422774
1088,Central Asia,,2014,85.13986337,307.7521683,19.59802,837.6113682
1089,Central Asia,,2015,85.34898945,309.6967721,19.16589638,834.3093358
1090,Central Asia,,2016,86.4529719,313.679545,19.12528995,838.6126381
1091,Central Asia,,2017,87.62929056,316.6959287,19.27750836,838.6259886
1092,Central Europe,,1990,237.4128498,592.6584654,40.3531769,1521.937872
1093,Central Europe,,1991,237.7752419,594.909871,41.08040005,1489.458073
1094,Central Europe,,1992,239.5562038,600.6278827,42.13743921,1461.420926
1095,Central Europe,,1993,237.1548637,591.0056086,41.8337243,1418.286301
1096,Central Europe,,1994,236.7693379,586.5664753,42.38451193,1385.81827
1097,Central Europe,,1995,239.5129951,588.3012528,43.59440027,1370.797655
1098,Central Europe,,1996,237.310081,575.0855027,42.77307798,1336.713561
1099,Central Europe,,1997,237.9918755,569.2647647,42.71376416,1315.919682
1100,Central Europe,,1998,231.9595627,544.0749835,40.49486747,1268.897702
1101,Central Europe,,1999,229.9385678,527.0156618,38.78174116,1244.145407
1102,Central Europe,,2000,224.8463054,501.8810975,36.58177272,1202.38377
1103,Central Europe,,2001,223.9868791,486.5548042,35.39280987,1179.174666
1104,Central Europe,,2002,225.0620439,475.1547126,34.24923857,1172.009825
1105,Central Europe,,2003,226.4234573,465.3547527,33.042214,1168.359776
1106,Central Europe,,2004,224.7822562,451.2319142,31.73004732,1145.257921
1107,Central Europe,,2005,226.501665,444.8474266,30.79914077,1136.079169
1108,Central Europe,,2006,224.8667671,433.8126517,29.24701506,1110.681691
1109,Central Europe,,2007,224.2041548,425.8011782,27.97004079,1091.528296
1110,Central Europe,,2008,223.1879756,418.4032691,26.79203126,1070.594551
1111,Central Europe,,2009,222.3299473,412.1433429,25.48322843,1053.650849
1112,Central Europe,,2010,219.3443179,401.7860875,23.88218188,1030.247898
1113,Central Europe,,2011,216.4913597,393.2734575,22.30904132,1007.635841
1114,Central Europe,,2012,216.8126193,392.2613102,21.46457108,997.8170171
1115,Central Europe,,2013,214.0350228,386.0552054,20.662613,973.6799001
1116,Central Europe,,2014,213.4688934,383.5246848,20.42404155,958.0947518
1117,Central Europe,,2015,217.466565,390.4632062,20.58497066,961.8101029
1118,Central Europe,,2016,214.7592624,385.4597396,20.28760719,932.7425807
1119,Central Europe,,2017,214.3013303,381.6153155,20.31991398,913.9806815
1120,"Central Europe, Eastern Europe, and Central Asia",,1990,188.6272581,527.7134852,35.98614337,1099.261439
1121,"Central Europe, Eastern Europe, and Central Asia",,1991,192.2833667,540.0811269,37.11101204,1094.914273
1122,"Central Europe, Eastern Europe, and Central Asia",,1992,202.1399573,572.4210415,41.23426248,1107.50554
1123,"Central Europe, Eastern Europe, and Central Asia",,1993,221.3697704,637.9987194,49.32849067,1148.552266
1124,"Central Europe, Eastern Europe, and Central Asia",,1994,233.7679017,683.5854062,56.40964161,1162.328236
1125,"Central Europe, Eastern Europe, and Central Asia",,1995,232.0829619,681.3333799,57.6569518,1143.836518
1126,"Central Europe, Eastern Europe, and Central Asia",,1996,222.6600583,650.2972471,54.24474155,1109.267958
1127,"Central Europe, Eastern Europe, and Central Asia",,1997,214.3088973,615.3062585,50.11319376,1081.048786
1128,"Central Europe, Eastern Europe, and Central Asia",,1998,208.5444016,586.4275297,47.92526643,1055.440367
1129,"Central Europe, Eastern Europe, and Central Asia",,1999,216.0384915,596.1016621,50.30495872,1072.029405
1130,"Central Europe, Eastern Europe, and Central Asia",,2000,220.8201051,597.5510764,52.27059857,1072.907118
1131,"Central Europe, Eastern Europe, and Central Asia",,2001,221.9858911,588.4896112,52.50843441,1063.95289
1132,"Central Europe, Eastern Europe, and Central Asia",,2002,225.9147138,588.229074,53.2875755,1070.950689
1133,"Central Europe, Eastern Europe, and Central Asia",,2003,226.4776259,578.528233,53.625075,1065.236684
1134,"Central Europe, Eastern Europe, and Central Asia",,2004,223.3270482,561.5878771,53.1451379,1039.860249
1135,"Central Europe, Eastern Europe, and Central Asia",,2005,227.3434189,562.1942014,54.34036876,1045.532144
1136,"Central Europe, Eastern Europe, and Central Asia",,2006,215.2263313,518.5330332,48.78331494,1006.151301
1137,"Central Europe, Eastern Europe, and Central Asia",,2007,210.5741462,495.8250599,45.83466829,988.6404818
1138,"Central Europe, Eastern Europe, and Central Asia",,2008,210.512892,485.535297,44.19368802,988.1807175
1139,"Central Europe, Eastern Europe, and Central Asia",,2009,202.5907308,456.2233443,39.51424619,964.2962446
1140,"Central Europe, Eastern Europe, and Central Asia",,2010,202.0082138,447.063353,37.86176087,961.7002222
1141,"Central Europe, Eastern Europe, and Central Asia",,2011,194.350769,423.593683,34.60062426,929.9159339
1142,"Central Europe, Eastern Europe, and Central Asia",,2012,191.2046337,413.5420927,32.8163053,914.5470193
1143,"Central Europe, Eastern Europe, and Central Asia",,2013,187.9408566,407.0750738,31.82437006,895.1153568
1144,"Central Europe, Eastern Europe, and Central Asia",,2014,187.2233586,408.1504524,31.55210784,884.8139909
1145,"Central Europe, Eastern Europe, and Central Asia",,2015,192.7004425,423.5906962,32.47375395,902.3870067
1146,"Central Europe, Eastern Europe, and Central Asia",,2016,189.8416422,419.0304092,31.50966258,883.666467
1147,"Central Europe, Eastern Europe, and Central Asia",,2017,188.4023412,413.7610389,31.14335225,869.5718703
1148,Central Latin America,,1990,48.29905713,225.9512977,11.11177687,916.2260283
1149,Central Latin America,,1991,48.64499428,225.0485527,11.10170319,911.3009587
1150,Central Latin America,,1992,48.84534409,222.7783648,11.03502263,905.93522
1151,Central Latin America,,1993,48.39357876,216.9153746,10.75511653,891.1445835
1152,Central Latin America,,1994,48.13213018,212.0122937,10.56550953,878.1924123
1153,Central Latin America,,1995,47.48097833,205.7593131,10.21163957,856.8445782
1154,Central Latin America,,1996,46.30302224,196.7567904,9.81692514,822.2098261
1155,Central Latin America,,1997,45.14487299,187.6469581,9.452003154,786.9010961
1156,Central Latin America,,1998,44.54910872,180.78179,9.234988461,761.1449382
1157,Central Latin America,,1999,43.30096145,171.4910002,8.772090753,726.3675182
1158,Central Latin America,,2000,42.24637501,163.6939429,8.423053528,694.1804101
1159,Central Latin America,,2001,41.62143787,156.5428494,8.100974821,672.473613
1160,Central Latin America,,2002,42.32554434,155.0287558,8.083738397,669.6574199
1161,Central Latin America,,2003,41.96853646,148.589125,7.844494478,654.1184123
1162,Central Latin America,,2004,41.04488912,140.8156726,7.45197991,629.699925
1163,Central Latin America,,2005,40.89513799,135.9544444,7.252644495,616.16681
1164,Central Latin America,,2006,40.48621755,131.2839854,7.072856396,595.4277598
1165,Central Latin America,,2007,39.77839895,125.0540931,6.806926115,573.3073945
1166,Central Latin America,,2008,40.5546216,123.541677,6.858260738,572.1267442
1167,Central Latin America,,2009,40.9959879,121.2083285,6.867528437,566.2300335
1168,Central Latin America,,2010,40.48786637,115.4564869,6.556101922,552.1637226
1169,Central Latin America,,2011,39.748583,110.3636044,6.251361968,531.2169645
1170,Central Latin America,,2012,39.65823155,107.7299154,6.064512225,517.529677
1171,Central Latin America,,2013,39.7071276,104.7863166,5.832338372,509.6639938
1172,Central Latin America,,2014,39.91699359,102.7915941,5.757458406,501.4985514
1173,Central Latin America,,2015,39.84914341,100.4974292,5.632962616,489.6681928
1174,Central Latin America,,2016,39.96108874,99.74483326,5.641710674,474.9157883
1175,Central Latin America,,2017,39.97057342,98.22095773,5.558873898,461.3469658
1176,Central Sub-Saharan Africa,,1990,41.13687289,280.9772581,18.48905104,706.7617589
1177,Central Sub-Saharan Africa,,1991,40.79969537,279.8890249,18.65264286,691.3071261
1178,Central Sub-Saharan Africa,,1992,40.36434832,278.2282199,18.67462178,678.8016873
1179,Central Sub-Saharan Africa,,1993,39.89692102,276.4989195,18.70952244,665.979702
1180,Central Sub-Saharan Africa,,1994,39.76086355,277.7476415,18.79321012,660.103562
1181,Central Sub-Saharan Africa,,1995,39.59861308,278.9202601,18.90968602,654.7563149
1182,Central Sub-Saharan Africa,,1996,39.35412015,279.1712608,19.02745407,648.6683958
1183,Central Sub-Saharan Africa,,1997,38.19072494,272.6990628,18.60220705,631.5653995
1184,Central Sub-Saharan Africa,,1998,37.94995135,271.7510892,19.04864828,621.2676264
1185,Central Sub-Saharan Africa,,1999,37.08644931,266.9269353,18.89596848,606.2988456
1186,Central Sub-Saharan Africa,,2000,36.29541316,263.5708314,18.92191534,593.9906591
1187,Central Sub-Saharan Africa,,2001,35.27630512,256.0305249,18.32387311,575.9958879
1188,Central Sub-Saharan Africa,,2002,33.79710934,244.529095,17.48982355,554.461551
1189,Central Sub-Saharan Africa,,2003,33.21059266,240.0352207,17.20775453,543.2509832
1190,Central Sub-Saharan Africa,,2004,32.19957319,232.5079575,16.60966594,528.8824524
1191,Central Sub-Saharan Africa,,2005,30.87458363,222.2329962,15.86489025,511.2275803
1192,Central Sub-Saharan Africa,,2006,30.26356186,218.0020166,15.53163919,499.3215669
1193,Central Sub-Saharan Africa,,2007,29.51290073,212.7195354,15.0720625,486.6270282
1194,Central Sub-Saharan Africa,,2008,28.99579633,209.210608,14.73346954,476.9517731
1195,Central Sub-Saharan Africa,,2009,28.50473898,205.4064421,14.43737679,468.1966056
1196,Central Sub-Saharan Africa,,2010,27.89985465,200.159011,14.0445131,459.8446673
1197,Central Sub-Saharan Africa,,2011,27.52998663,197.3388063,13.69728625,453.0680844
1198,Central Sub-Saharan Africa,,2012,27.17940124,194.3529818,13.33901081,446.8811389
1199,Central Sub-Saharan Africa,,2013,26.63777983,189.6892301,12.88373185,437.1112991
1200,Central Sub-Saharan Africa,,2014,26.01213385,184.1625726,12.39013276,426.4547778
1201,Central Sub-Saharan Africa,,2015,25.57960242,180.0801541,12.01126058,418.290755
1202,Central Sub-Saharan Africa,,2016,25.18652654,176.6245262,11.59409846,409.9438925
1203,Central Sub-Saharan Africa,,2017,24.89847128,173.7702101,11.26672116,402.3545237
1680,East Asia,,1990,103.1094986,333.6771366,16.12483728,1573.722732
1681,East Asia,,1991,106.1685155,337.1381652,16.74676007,1598.398204
1682,East Asia,,1992,108.565723,335.9041294,17.68431308,1609.712945
1683,East Asia,,1993,110.7532161,334.8026119,18.43585855,1612.563855
1684,East Asia,,1994,112.7119856,332.3399966,18.98477982,1615.755385
1685,East Asia,,1995,115.2610247,331.9575281,19.89735166,1615.724843
1686,East Asia,,1996,117.6458382,328.8953001,20.51085954,1614.911522
1687,East Asia,,1997,119.4561099,322.0500808,20.80963991,1609.694993
1688,East Asia,,1998,122.4749809,318.1554545,20.94686032,1627.642052
1689,East Asia,,1999,124.5846117,311.639942,21.0885122,1613.015732
1690,East Asia,,2000,127.1276703,309.7934738,20.97423797,1603.687621
1691,East Asia,,2001,128.6636095,305.3425103,19.33357742,1593.306279
1692,East Asia,,2002,131.1590672,303.2023556,17.86909507,1592.542
1693,East Asia,,2003,134.4612287,300.7974885,16.24986,1607.114035
1694,East Asia,,2004,135.208706,290.9051455,15.87146091,1572.016912
1695,East Asia,,2005,132.354191,273.9060391,15.40999288,1497.635429
1696,East Asia,,2006,128.1899144,256.8422008,14.61167336,1411.504902
1697,East Asia,,2007,127.2523244,247.2695532,14.41708846,1364.198047
1698,East Asia,,2008,128.4620218,241.6994379,14.83620791,1346.66089
1699,East Asia,,2009,131.0692731,238.3801644,15.41677229,1350.764275
1700,East Asia,,2010,134.1613915,239.2063397,15.92829826,1348.978689
1701,East Asia,,2011,136.4054286,241.9336238,16.18706989,1326.665122
1702,East Asia,,2012,138.046319,244.7728483,16.53443831,1288.14369
1703,East Asia,,2013,137.7548865,245.1073512,16.64108857,1224.329362
1704,East Asia,,2014,142.9221455,254.549329,16.57207083,1216.488715
1705,East Asia,,2015,149.7652204,264.2116497,16.32029074,1228.019784
1706,East Asia,,2016,154.0579306,263.6882283,16.0353247,1229.107063
1707,East Asia,,2017,154.7348931,249.2762487,15.75826061,1225.758952
1708,Eastern Europe,,1990,195.4980587,520.9090259,38.44636405,938.0513674
1709,Eastern Europe,,1991,201.4895876,537.7408093,39.98527754,941.2630169
1710,Eastern Europe,,1992,217.9846864,585.3358803,46.66773535,967.983676
1711,Eastern Europe,,1993,253.8841242,694.6213636,61.19867223,1053.074761
1712,Eastern Europe,,1994,276.3349156,769.6958482,73.23866979,1088.293629
1713,Eastern Europe,,1995,271.5180157,763.7200834,73.94647512,1063.800645
1714,Eastern Europe,,1996,255.5817716,718.3462472,67.57046866,1024.547383
1715,Eastern Europe,,1997,240.7608244,664.2887375,60.14319531,991.3543362
1716,Eastern Europe,,1998,234.3643667,631.4171255,57.60106022,976.2178752
1717,Eastern Europe,,1999,250.8348959,661.3568213,63.34122136,1020.483729
1718,Eastern Europe,,2000,262.8392315,678.4531484,68.04421462,1043.888925
1719,Eastern Europe,,2001,265.9352938,673.8097542,69.25226316,1039.967614
1720,Eastern Europe,,2002,272.7687905,680.2933238,71.50853468,1051.098641
1721,Eastern Europe,,2003,273.0355853,669.5816659,72.87211689,1039.360434
1722,Eastern Europe,,2004,268.4720705,649.6431269,72.85571693,1006.788793
1723,Eastern Europe,,2005,275.6575582,656.4300793,75.68254233,1020.13398
1724,Eastern Europe,,2006,254.2982037,589.5603214,66.40921194,965.8022454
1725,Eastern Europe,,2007,246.8890051,558.5582863,62.12191143,946.7996108
1726,Eastern Europe,,2008,248.8920172,549.9776442,60.65727871,958.4333744
1727,Eastern Europe,,2009,235.6956285,506.4229086,53.34877807,928.4519846
1728,Eastern Europe,,2010,236.9292603,498.7098589,51.58373674,936.48514
1729,Eastern Europe,,2011,224.3283165,463.5583991,46.60431794,894.2470655
1730,Eastern Europe,,2012,218.9211923,447.8268351,44.06878955,874.122772
1731,Eastern Europe,,2013,215.1277174,441.2365607,43.02295829,855.0968551
1732,Eastern Europe,,2014,215.0003243,445.5243581,43.07343404,846.0467923
1733,Eastern Europe,,2015,224.1769673,469.4049066,45.15234013,874.2210885
1734,Eastern Europe,,2016,220.2664913,463.6550484,43.49487376,857.7429353
1735,Eastern Europe,,2017,217.8483613,456.4162132,42.7435474,844.2845203
1736,Eastern Sub-Saharan Africa,,1990,30.97635452,210.874499,13.09181589,645.2420839
1737,Eastern Sub-Saharan Africa,,1991,30.84671669,211.1109483,13.13848713,643.9929537
1738,Eastern Sub-Saharan Africa,,1992,30.97531591,212.6719931,13.38899318,645.249515
1739,Eastern Sub-Saharan Africa,,1993,30.99908503,213.1120759,13.58043441,647.057342
1740,Eastern Sub-Saharan Africa,,1994,30.73546708,212.2150074,13.57512466,644.2696907
1741,Eastern Sub-Saharan Africa,,1995,30.63992137,213.4728495,13.72445263,641.0982032
1742,Eastern Sub-Saharan Africa,,1996,30.37846927,212.8701925,13.68374982,640.2551809
1743,Eastern Sub-Saharan Africa,,1997,29.98273464,211.649612,13.5198621,636.9157865
1744,Eastern Sub-Saharan Africa,,1998,29.57693171,209.8938563,13.34819919,633.2673285
1745,Eastern Sub-Saharan Africa,,1999,28.91724156,206.4925024,13.02711665,625.0190487
1746,Eastern Sub-Saharan Africa,,2000,28.32756039,204.0434824,12.85129635,614.8635162
1747,Eastern Sub-Saharan Africa,,2001,27.47264485,197.799609,12.37824428,600.6944727
1748,Eastern Sub-Saharan Africa,,2002,26.8487967,193.9857924,11.96019198,589.9843979
1749,Eastern Sub-Saharan Africa,,2003,26.24797202,189.8130867,11.66667872,577.3673423
1750,Eastern Sub-Saharan Africa,,2004,25.63715424,185.4904361,11.35976572,564.0960723
1751,Eastern Sub-Saharan Africa,,2005,24.96936632,180.5359907,11.02005389,549.6670046
1752,Eastern Sub-Saharan Africa,,2006,24.4767874,176.9918367,10.78348336,537.0941151
1753,Eastern Sub-Saharan Africa,,2007,23.97138879,173.131902,10.5277074,524.2339017
1754,Eastern Sub-Saharan Africa,,2008,23.49317198,169.3107489,10.28322471,511.7362595
1755,Eastern Sub-Saharan Africa,,2009,23.00802244,165.2671614,10.01053261,499.5769001
1756,Eastern Sub-Saharan Africa,,2010,22.59765733,161.3680302,9.764261673,489.1272972
1757,Eastern Sub-Saharan Africa,,2011,22.19413437,157.7261615,9.489824848,478.3275847
1758,Eastern Sub-Saharan Africa,,2012,21.83777316,154.468952,9.231516852,468.9637184
1759,Eastern Sub-Saharan Africa,,2013,21.47391853,150.9444161,8.964763329,460.0248809
1760,Eastern Sub-Saharan Africa,,2014,21.13316597,147.3076586,8.712176171,451.3600529
1761,Eastern Sub-Saharan Africa,,2015,20.81798463,143.6949061,8.465109872,443.134648
1762,Eastern Sub-Saharan Africa,,2016,20.52005804,140.3967149,8.184996352,435.5747034
1763,Eastern Sub-Saharan Africa,,2017,20.20858234,136.9709757,7.905526718,428.2970191
1848,England,,1990,291.5118365,468.4440134,18.57342515,1702.9209
1849,England,,1991,283.2492853,441.6613505,17.89390415,1680.6608
1850,England,,1992,273.9045077,414.1566232,17.2025366,1644.873427
1851,England,,1993,271.231054,397.7559843,16.91583274,1643.801234
1852,England,,1994,257.6128743,366.3260551,16.07350022,1572.269368
1853,England,,1995,253.4835532,351.0423019,16.03417997,1551.512111
1854,England,,1996,243.2220405,329.2311866,15.29655517,1494.289118
1855,England,,1997,232.6204187,304.165344,14.34371376,1438.492268
1856,England,,1998,225.0039638,285.1610965,13.77312957,1400.158814
1857,England,,1999,215.7721955,266.399116,13.10086536,1350.555222
1858,England,,2000,205.2705099,247.9870485,12.44535322,1289.227172
1859,England,,2001,196.4899825,232.2073233,12.00953754,1238.265118
1860,England,,2002,191.8297293,223.6312061,11.59323223,1212.787393
1861,England,,2003,186.2114117,215.7597402,11.05409658,1180.22536
1862,England,,2004,174.305727,201.292954,10.19256908,1106.883536
1863,England,,2005,167.1149578,192.7182543,9.752590283,1060.357209
1864,England,,2006,162.0174198,187.9400125,9.535249868,1023.394373
1865,England,,2007,154.8577024,179.1395059,9.044443792,976.0246518
1866,England,,2008,150.9942234,173.9751685,8.88620643,948.7107523
1867,England,,2009,144.0605696,165.9475061,8.478739649,900.5304517
1868,England,,2010,139.8675023,160.9732357,8.09438341,870.2068626
1869,England,,2011,135.2463594,153.5983821,7.571159404,843.0077874
1870,England,,2012,132.9318867,147.8549395,7.124564815,830.9304669
1871,England,,2013,133.2148116,146.876372,7.06496263,825.8393512
1872,England,,2014,130.7931716,142.63114,6.842117438,802.5948913
1873,England,,2015,131.7345016,141.7213949,6.686258946,799.3889085
1874,England,,2016,131.4061003,140.6513274,6.578407248,788.8537718
1875,England,,2017,130.6459125,139.5336091,6.395260646,764.6324502
2492,High SDI,,1990,197.2761997,386.2765314,20.45815573,1369.252767
2493,High SDI,,1991,194.5048515,376.4605896,20.22896426,1333.24009
2494,High SDI,,1992,190.06396,362.4157454,19.75486123,1289.597121
2495,High SDI,,1993,188.5003042,353.2051336,19.45574686,1267.81308
2496,High SDI,,1994,184.8094925,340.9264002,19.13648975,1229.167597
2497,High SDI,,1995,183.2956134,332.7908849,19.04736344,1206.414253
2498,High SDI,,1996,178.9428135,319.273319,18.56124115,1167.238407
2499,High SDI,,1997,174.7306429,303.3195688,18.03105104,1129.277081
2500,High SDI,,1998,172.3918993,290.9167559,17.5565122,1104.585957
2501,High SDI,,1999,170.5214114,280.2680816,17.12743361,1083.544242
2502,High SDI,,2000,166.3817495,266.9782353,16.61490554,1046.936627
2503,High SDI,,2001,163.3037957,256.4237014,16.20750404,1017.326858
2504,High SDI,,2002,161.1066028,247.858077,15.7468202,995.3158293
2505,High SDI,,2003,159.435897,241.5397128,15.34468074,975.259509
2506,High SDI,,2004,154.4052717,230.9904728,14.65981841,933.2668334
2507,High SDI,,2005,152.9171431,225.2644954,14.2682158,913.1582327
2508,High SDI,,2006,149.696859,217.9024677,13.66236412,882.303337
2509,High SDI,,2007,147.5246174,212.6297099,13.04014033,858.6062701
2510,High SDI,,2008,145.6860943,207.5115629,12.43590348,838.3587025
2511,High SDI,,2009,143.3653553,202.3950813,11.80566074,814.9125619
2512,High SDI,,2010,140.915469,196.0597574,11.08580639,792.4413162
2513,High SDI,,2011,140.2593457,192.3629683,10.57730508,779.3814869
2514,High SDI,,2012,139.025961,188.6363902,10.00921595,763.5105176
2515,High SDI,,2013,137.8056676,185.0545105,9.529156685,746.3619418
2516,High SDI,,2014,136.1447066,180.8300732,9.083424761,726.9424293
2517,High SDI,,2015,136.7829665,179.6364941,8.800352226,722.4126531
2518,High SDI,,2016,136.6480729,178.4472002,8.583860765,713.3569745
2519,High SDI,,2017,136.9080971,176.0292652,8.444610532,700.5185571
2520,High-income,,1990,195.2338606,373.9021479,19.67297818,1353.769342
2521,High-income,,1991,191.6990927,362.0192155,19.2337636,1315.588815
2522,High-income,,1992,187.2512899,348.1510454,18.73744976,1272.879005
2523,High-income,,1993,185.8030267,339.4825013,18.43637149,1252.147191
2524,High-income,,1994,181.6527032,326.4193543,17.98657717,1211.979029
2525,High-income,,1995,180.0393162,318.2940703,17.81944296,1189.451041
2526,High-income,,1996,176.0722732,306.404445,17.46925759,1151.813619
2527,High-income,,1997,171.7381361,290.6394889,16.93934643,1114.049196
2528,High-income,,1998,169.6047433,279.1941396,16.52413514,1091.19977
2529,High-income,,1999,167.8270697,269.4834577,16.17705021,1071.260421
2530,High-income,,2000,163.7164296,257.327812,15.77239879,1034.491255
2531,High-income,,2001,160.6958469,247.8892211,15.47801692,1005.05418
2532,High-income,,2002,158.6949139,240.6991795,15.1597218,983.6624207
2533,High-income,,2003,156.9769315,235.1736222,14.83745398,963.1890178
2534,High-income,,2004,151.5472095,224.5379007,14.10094432,919.8327819
2535,High-income,,2005,149.9655629,219.1502237,13.70945788,899.6622682
2536,High-income,,2006,146.7960419,212.1787316,13.14956387,869.3375195
2537,High-income,,2007,144.7981313,207.5131163,12.58151573,846.595747
2538,High-income,,2008,142.9300553,202.7532839,12.04493259,825.581074
2539,High-income,,2009,140.8891635,198.5084204,11.55467134,802.689652
2540,High-income,,2010,138.5710146,192.48332,10.87368202,780.8520757
2541,High-income,,2011,137.8898986,188.5922006,10.36983657,768.0923561
2542,High-income,,2012,136.5890743,184.5694237,9.822360832,752.3775891
2543,High-income,,2013,135.4007645,180.9855284,9.370194499,735.5869716
2544,High-income,,2014,133.5416288,176.4413243,8.905832591,715.4440988
2545,High-income,,2015,133.843871,174.5745142,8.598273021,709.7816335
2546,High-income,,2016,133.646269,173.4054627,8.387145169,700.75345
2547,High-income,,2017,133.7499072,170.9519163,8.242209199,687.4463929
2548,High-income Asia Pacific,,1990,132.169299,245.0909417,17.53219321,1151.694926
2549,High-income Asia Pacific,,1991,132.4320072,241.2885672,16.82348028,1120.63193
2550,High-income Asia Pacific,,1992,132.3842143,236.4284214,16.05345613,1087.788167
2551,High-income Asia Pacific,,1993,132.2523665,232.0198506,15.50810609,1052.868175
2552,High-income Asia Pacific,,1994,130.7344498,224.6836275,14.92975388,1007.991761
2553,High-income Asia Pacific,,1995,132.2770007,223.303757,14.82385308,988.8876358
2554,High-income Asia Pacific,,1996,129.3893743,215.9665229,14.54160792,931.661927
2555,High-income Asia Pacific,,1997,127.7647657,206.2091146,13.96769343,889.947863
2556,High-income Asia Pacific,,1998,129.7415944,202.1749934,13.76732033,875.306663
2557,High-income Asia Pacific,,1999,130.7766603,196.2443148,13.28584495,858.3935718
2558,High-income Asia Pacific,,2000,128.7405602,187.9698277,12.68320495,820.1513939
2559,High-income Asia Pacific,,2001,127.9545463,181.7157154,12.19382571,792.2807454
2560,High-income Asia Pacific,,2002,127.6315658,175.8189094,11.78861896,768.0507327
2561,High-income Asia Pacific,,2003,129.8360288,174.2953124,11.74713677,759.4820375
2562,High-income Asia Pacific,,2004,129.9648456,169.8651502,11.39267808,741.5034637
2563,High-income Asia Pacific,,2005,132.5390585,167.7078836,11.08461103,739.1954663
2564,High-income Asia Pacific,,2006,131.1757255,161.7318431,10.58237073,713.4075625
2565,High-income Asia Pacific,,2007,131.7231534,159.5026046,10.29771895,698.0661866
2566,High-income Asia Pacific,,2008,131.7313228,156.4249668,10.0456785,682.5087741
2567,High-income Asia Pacific,,2009,131.6812815,154.4045706,9.846557425,667.5224802
2568,High-income Asia Pacific,,2010,132.9688739,152.5279195,9.567241898,660.6080937
2569,High-income Asia Pacific,,2011,134.3750046,149.5811815,9.188313651,655.3385208
2570,High-income Asia Pacific,,2012,133.84491,144.4232861,8.783558975,640.7121589
2571,High-income Asia Pacific,,2013,133.2239882,139.659316,8.490362844,627.4778403
2572,High-income Asia Pacific,,2014,132.0065738,134.5184331,8.160177713,611.7092443
2573,High-income Asia Pacific,,2015,130.9555602,129.3497973,7.787137452,603.0553288
2574,High-income Asia Pacific,,2016,131.9927684,127.3255102,7.655615837,605.1337731
2575,High-income Asia Pacific,,2017,134.0686757,123.9472428,7.644932449,600.9933971
2576,High-middle SDI,,1990,127.6389354,421.7901845,22.91053982,1302.179459
2577,High-middle SDI,,1991,129.6874245,427.2402801,23.43547178,1308.700997
2578,High-middle SDI,,1992,134.6916469,443.5790978,25.42818987,1323.782821
2579,High-middle SDI,,1993,142.9987967,475.1923051,28.64319872,1352.000881
2580,High-middle SDI,,1994,147.6875327,491.7906995,31.17648661,1357.241364
2581,High-middle SDI,,1995,147.6548436,485.827961,31.9219473,1344.167716
2582,High-middle SDI,,1996,145.1478427,466.4346014,30.96270616,1325.364232
2583,High-middle SDI,,1997,142.2410108,442.3108854,29.48191009,1304.812046
2584,High-middle SDI,,1998,141.0103352,424.0222123,28.64174718,1296.428103
2585,High-middle SDI,,1999,143.4802121,420.5999387,29.28920725,1289.484479
2586,High-middle SDI,,2000,144.8610203,415.7136796,29.58538671,1274.679517
2587,High-middle SDI,,2001,145.0123184,405.5790395,28.57042789,1261.503351
2588,High-middle SDI,,2002,146.5873606,400.6438426,27.78148069,1261.618211
2589,High-middle SDI,,2003,147.3107423,392.1174017,26.81442676,1259.724196
2590,High-middle SDI,,2004,145.4767171,376.9419935,26.18176448,1229.680715
2591,High-middle SDI,,2005,143.9550565,364.3014795,25.97751028,1193.971821
2592,High-middle SDI,,2006,137.1642884,335.9734486,23.70981962,1134.828137
2593,High-middle SDI,,2007,134.3741472,319.9241838,22.51265613,1102.93325
2594,High-middle SDI,,2008,133.8650814,310.9284372,22.05199186,1087.189486
2595,High-middle SDI,,2009,132.3403693,297.9921507,20.85657742,1078.321243
2596,High-middle SDI,,2010,133.1206764,293.4990462,20.41239032,1075.603864
2597,High-middle SDI,,2011,131.8678256,285.9676072,19.37263151,1057.314416
2598,High-middle SDI,,2012,131.8920917,283.7681587,18.80046607,1040.375005
2599,High-middle SDI,,2013,130.8869716,281.8831487,18.45871876,1007.112382
2600,High-middle SDI,,2014,133.0872291,286.2345378,18.23235322,1001.892705
2601,High-middle SDI,,2015,137.2979614,293.8229295,18.27830306,1010.50681
2602,High-middle SDI,,2016,138.1716618,290.5337138,17.86489433,1000.741826
2603,High-middle SDI,,2017,137.3810621,278.4472966,17.62626624,987.8944529
3136,Latin America and Caribbean,,1990,70.13725141,314.2682946,17.64612302,1095.298305
3137,Latin America and Caribbean,,1991,69.33887425,307.2404545,17.20693044,1071.054106
3138,Latin America and Caribbean,,1992,69.88955026,305.5069567,17.14423806,1066.308946
3139,Latin America and Caribbean,,1993,70.57668716,303.6457659,17.09579391,1065.886483
3140,Latin America and Caribbean,,1994,69.98732426,296.3547984,16.78614154,1044.230056
3141,Latin America and Caribbean,,1995,69.06711808,288.4404515,16.40714668,1013.474509
3142,Latin America and Caribbean,,1996,68.01204254,279.8212321,15.98276557,978.2551925
3143,Latin America and Caribbean,,1997,66.62929362,268.8677129,15.46589408,939.9657079
3144,Latin America and Caribbean,,1998,66.23080868,261.6580121,15.1034674,917.1690726
3145,Latin America and Caribbean,,1999,65.20688466,252.3685777,14.54263985,886.2612042
3146,Latin America and Caribbean,,2000,63.79152896,242.3470257,13.95297033,850.9943708
3147,Latin America and Caribbean,,2001,62.86118865,232.7571793,13.41319083,824.7492364
3148,Latin America and Caribbean,,2002,62.45725951,225.4944556,12.9913628,806.9165177
3149,Latin America and Caribbean,,2003,62.16175537,218.7747077,12.57548,791.6853996
3150,Latin America and Caribbean,,2004,61.3430942,211.0020958,12.07847751,768.2346963
3151,Latin America and Caribbean,,2005,60.11437254,201.8050636,11.53059927,740.5070342
3152,Latin America and Caribbean,,2006,59.22737085,194.554054,11.10536481,714.7811704
3153,Latin America and Caribbean,,2007,58.4977032,187.8927875,10.68458636,691.7678689
3154,Latin America and Caribbean,,2008,58.5516277,183.5551904,10.47196782,678.5935882
3155,Latin America and Caribbean,,2009,58.62051905,179.1115605,10.24070048,667.577167
3156,Latin America and Caribbean,,2010,58.2229071,173.0701815,9.801466783,654.4635557
3157,Latin America and Caribbean,,2011,57.4367447,166.9651839,9.369596822,633.6695671
3158,Latin America and Caribbean,,2012,56.8547487,161.8774394,8.99467973,614.7448313
3159,Latin America and Caribbean,,2013,56.50498945,157.2176656,8.598725906,601.0425506
3160,Latin America and Caribbean,,2014,56.03988533,152.452875,8.220208327,586.0315262
3161,Latin America and Caribbean,,2015,55.9051208,149.0590198,7.918305393,573.4765714
3162,Latin America and Caribbean,,2016,56.24924392,147.8515489,7.811493567,561.3987702
3163,Latin America and Caribbean,,2017,56.41556332,145.8471122,7.675980401,548.0976353
3332,Low SDI,,1990,61.97083683,361.9556791,18.82791657,1201.814014
3333,Low SDI,,1991,60.85280628,355.6470907,18.51988967,1185.993052
3334,Low SDI,,1992,60.12975072,352.8697496,18.26435466,1177.551996
3335,Low SDI,,1993,59.02745058,348.0432058,17.93063733,1158.419375
3336,Low SDI,,1994,58.0879434,342.9155427,17.60856486,1144.823443
3337,Low SDI,,1995,57.04775169,337.2077924,17.37136072,1126.801651
3338,Low SDI,,1996,56.03113679,332.8778524,17.18139073,1099.234702
3339,Low SDI,,1997,55.92348586,333.0139005,16.9754726,1096.32019
3340,Low SDI,,1998,54.94056741,325.1791045,16.44574959,1086.923203
3341,Low SDI,,1999,52.73405695,308.112534,16.15760668,1042.877573
3342,Low SDI,,2000,52.04781707,301.1307473,15.91280269,1034.98653
3343,Low SDI,,2001,51.35829832,292.7261502,15.3461026,1028.55889
3344,Low SDI,,2002,50.40819993,283.64691,14.82448491,1014.154742
3345,Low SDI,,2003,49.2669254,276.1627831,14.26104911,984.9676156
3346,Low SDI,,2004,47.39118318,262.4721975,13.61264002,944.8772378
3347,Low SDI,,2005,46.75052698,254.88339,13.29397778,933.5529293
3348,Low SDI,,2006,46.94917749,252.8817309,13.16225392,934.5335263
3349,Low SDI,,2007,47.61610168,254.3696489,13.19745657,938.9297073
3350,Low SDI,,2008,47.62217234,252.0117465,13.03446261,932.2546092
3351,Low SDI,,2009,47.1861785,247.7551944,12.80124713,913.2614399
3352,Low SDI,,2010,47.15079483,246.1845591,12.48645212,904.047537
3353,Low SDI,,2011,46.95376683,243.6635587,12.29094809,889.0463636
3354,Low SDI,,2012,46.65800323,240.3325144,12.02131781,873.7091971
3355,Low SDI,,2013,46.1525479,234.6158884,11.60502193,861.246755
3356,Low SDI,,2014,45.94354592,231.4032516,11.15780368,851.1783855
3357,Low SDI,,2015,46.00433109,228.6277326,10.95666351,844.8214023
3358,Low SDI,,2016,45.96790739,224.4183198,10.76575158,839.5409887
3359,Low SDI,,2017,45.56613786,218.7771222,10.43923043,827.2297271
3360,Low-middle SDI,,1990,71.44662001,363.3138315,19.35359146,1177.588456
3361,Low-middle SDI,,1991,72.04093273,364.8043105,19.30299219,1184.875154
3362,Low-middle SDI,,1992,72.11367383,363.8520355,19.21501313,1184.874286
3363,Low-middle SDI,,1993,71.79459283,360.1815941,19.07510143,1178.400489
3364,Low-middle SDI,,1994,71.58252372,357.5256726,18.96960098,1170.904002
3365,Low-middle SDI,,1995,70.86156108,352.0703347,18.73836932,1154.853341
3366,Low-middle SDI,,1996,70.90605993,351.0160584,18.6994046,1147.021961
3367,Low-middle SDI,,1997,72.39055733,356.584878,18.93847686,1166.000304
3368,Low-middle SDI,,1998,71.91199907,350.7588065,18.62596688,1161.764779
3369,Low-middle SDI,,1999,70.10555805,336.6046352,18.45854348,1130.933533
3370,Low-middle SDI,,2000,69.51625034,330.5664004,18.14218994,1120.707257
3371,Low-middle SDI,,2001,68.86688208,324.2071249,17.56601284,1106.982251
3372,Low-middle SDI,,2002,67.81103796,316.0056303,17.07635128,1082.173317
3373,Low-middle SDI,,2003,66.52581592,306.6429623,16.46249418,1054.389949
3374,Low-middle SDI,,2004,64.7266148,294.9348825,15.89272138,1014.173436
3375,Low-middle SDI,,2005,64.2773092,288.9907224,15.68309888,995.1972328
3376,Low-middle SDI,,2006,63.92088605,283.0867974,15.51209887,978.1343966
3377,Low-middle SDI,,2007,63.59183386,278.2805266,15.30618459,959.5438595
3378,Low-middle SDI,,2008,63.68115253,274.3166883,15.13422204,953.0559018
3379,Low-middle SDI,,2009,63.8955143,271.2252781,14.93112241,948.4110013
3380,Low-middle SDI,,2010,63.83257971,267.3312426,14.67047207,938.1563177
3381,Low-middle SDI,,2011,63.64584042,263.7761296,14.39566155,924.1751235
3382,Low-middle SDI,,2012,63.215529,259.9663268,14.0098992,905.8679634
3383,Low-middle SDI,,2013,62.33421058,253.6699859,13.47273223,884.30435
3384,Low-middle SDI,,2014,61.41241772,246.5463872,13.00526052,863.4602182
3385,Low-middle SDI,,2015,60.79460674,242.0846436,12.55252191,842.5090038
3386,Low-middle SDI,,2016,60.73057484,238.4987974,12.18393241,834.1294961
3387,Low-middle SDI,,2017,60.24581643,232.438701,11.80886148,821.1344201
3724,Middle SDI,,1990,74.38606639,306.0450609,16.20768355,1200.210998
3725,Middle SDI,,1991,75.54943268,306.0527765,16.31139439,1208.038325
3726,Middle SDI,,1992,76.7378151,304.5590879,16.60539668,1216.828261
3727,Middle SDI,,1993,77.72595898,302.9743481,16.77391892,1219.112308
3728,Middle SDI,,1994,78.63948518,301.062716,16.97567172,1218.35237
3729,Middle SDI,,1995,79.6741525,299.115066,17.28719005,1216.589204
3730,Middle SDI,,1996,80.97207425,297.8287908,17.55098213,1216.770117
3731,Middle SDI,,1997,82.02651296,295.0027827,17.67717643,1212.879039
3732,Middle SDI,,1998,83.16306044,291.2635815,17.6493495,1216.263225
3733,Middle SDI,,1999,84.03301451,285.842171,17.75004849,1206.302373
3734,Middle SDI,,2000,85.36596263,284.0106032,17.72366798,1203.771861
3735,Middle SDI,,2001,85.72252035,278.7519861,16.82817352,1193.090172
3736,Middle SDI,,2002,86.72629458,275.5858165,16.22889492,1187.225383
3737,Middle SDI,,2003,87.95687269,271.4024843,15.5282797,1189.459116
3738,Middle SDI,,2004,87.91482877,262.9302644,15.23315146,1163.992741
3739,Middle SDI,,2005,87.14937469,253.3801803,14.97458704,1127.189371
3740,Middle SDI,,2006,85.77010757,243.6417864,14.55405647,1081.921535
3741,Middle SDI,,2007,85.44876824,237.0266256,14.34125687,1052.963019
3742,Middle SDI,,2008,86.3954782,233.1691095,14.41980377,1045.186491
3743,Middle SDI,,2009,87.50207293,229.5939151,14.50280285,1042.61541
3744,Middle SDI,,2010,88.65095751,227.4513789,14.5105642,1036.391666
3745,Middle SDI,,2011,89.0008097,225.3211024,14.42972199,1011.449995
3746,Middle SDI,,2012,89.09349589,223.2932697,14.44233042,977.982445
3747,Middle SDI,,2013,88.52417999,220.0533795,14.27209624,936.0404417
3748,Middle SDI,,2014,89.98674757,221.3211864,14.03781397,922.031537
3749,Middle SDI,,2015,92.48556883,224.2371748,13.79278138,921.8305818
3750,Middle SDI,,2016,94.18160368,222.9714538,13.56741253,918.2005016
3751,Middle SDI,,2017,94.57911636,215.4830392,13.31090345,911.7285059
4116,North Africa and Middle East,,1990,58.71964009,345.0255489,16.1241752,909.305158
4117,North Africa and Middle East,,1991,58.714329,344.3735656,16.07235596,903.9714144
4118,North Africa and Middle East,,1992,58.32337067,341.5131955,15.86240103,896.4135871
4119,North Africa and Middle East,,1993,58.41662017,340.7575,15.90584791,896.807811
4120,North Africa and Middle East,,1994,58.44460506,338.7157769,15.98415777,891.7461933
4121,North Africa and Middle East,,1995,57.81695255,332.3804117,15.79713101,876.6396852
4122,North Africa and Middle East,,1996,56.94558533,324.1876859,15.57864733,858.2798979
4123,North Africa and Middle East,,1997,56.50993071,318.17259,15.49031578,847.5942175
4124,North Africa and Middle East,,1998,55.49585271,308.5375714,14.98938629,830.1944617
4125,North Africa and Middle East,,1999,54.76901806,300.1948517,14.60131269,813.1560214
4126,North Africa and Middle East,,2000,53.50395065,288.3912812,14.10155428,790.5176987
4127,North Africa and Middle East,,2001,53.05816285,281.4040941,13.76525811,777.9807772
4128,North Africa and Middle East,,2002,52.67843154,276.0519431,13.34190009,765.0971142
4129,North Africa and Middle East,,2003,52.22910407,269.3027634,13.05455373,752.2826145
4130,North Africa and Middle East,,2004,51.59102988,261.3493046,12.75661734,737.4507071
4131,North Africa and Middle East,,2005,51.4040986,254.4154758,12.4700174,738.0344114
4132,North Africa and Middle East,,2006,51.44059259,249.4103068,12.26683975,736.3082012
4133,North Africa and Middle East,,2007,50.75926044,241.9188133,11.94598114,724.3527771
4134,North Africa and Middle East,,2008,50.46991858,237.4918869,11.77034409,715.9287377
4135,North Africa and Middle East,,2009,50.95727356,236.8954462,11.70790508,718.1257678
4136,North Africa and Middle East,,2010,50.92411988,231.8519711,11.56348799,714.1151328
4137,North Africa and Middle East,,2011,50.8091226,226.9000197,11.44264841,706.5875511
4138,North Africa and Middle East,,2012,50.56027203,221.2865191,11.26859399,696.7017297
4139,North Africa and Middle East,,2013,50.37956841,215.6248511,11.10473014,690.3785522
4140,North Africa and Middle East,,2014,50.45871922,210.8889686,10.98719021,685.2229652
4141,North Africa and Middle East,,2015,50.67202673,207.5468448,10.94795074,675.4343372
4142,North Africa and Middle East,,2016,50.57107198,203.5519781,10.90152337,660.601518
4143,North Africa and Middle East,,2017,50.6327771,200.438128,10.94089282,647.1422892
4144,North America,,1990,216.6689031,477.6237176,20.99307702,1506.016231
4145,North America,,1991,209.7560782,459.5672955,20.50855193,1449.517506
4146,North America,,1992,202.0951085,437.5391257,20.02444242,1390.001783
4147,North America,,1993,200.5571142,427.1390216,19.98040527,1374.905766
4148,North America,,1994,195.0741066,408.232353,19.49793097,1337.031309
4149,North America,,1995,191.7809149,393.8316181,19.27358297,1313.768243
4150,North America,,1996,185.9939176,374.4622504,18.80925446,1277.656991
4151,North America,,1997,180.7116502,351.7440297,18.20016754,1245.319916
4152,North America,,1998,176.9529289,333.0969172,17.57382484,1223.907613
4153,North America,,1999,174.9467783,320.4163,17.31443873,1215.973329
4154,North America,,2000,171.4792804,306.0778712,17.14453152,1192.241085
4155,North America,,2001,168.4923845,293.804667,17.05199211,1172.571062
4156,North America,,2002,165.9092033,283.9990485,16.8506952,1155.725362
4157,North America,,2003,162.651769,274.2705996,16.47112869,1131.446197
4158,North America,,2004,156.725843,259.9618974,15.62605984,1091.502765
4159,North America,,2005,155.2558745,252.8045855,15.25833695,1078.698895
4160,North America,,2006,151.1291139,242.4792883,14.51672907,1046.727368
4161,North America,,2007,147.0465818,233.2947443,13.49465132,1015.104596
4162,North America,,2008,144.5305973,226.6351642,12.6539706,991.910547
4163,North America,,2009,140.9095579,219.1517151,11.85478098,959.071962
4164,North America,,2010,136.727838,208.986822,10.81285944,924.2416831
4165,North America,,2011,135.5886991,204.1538781,10.18145059,907.9434083
4166,North America,,2012,133.7073166,199.8279124,9.50244979,882.1685546
4167,North America,,2013,132.222051,195.5531567,8.929973101,855.2771852
4168,North America,,2014,131.1166456,192.712343,8.516590482,830.8160852
4169,North America,,2015,130.3780882,190.5365453,8.220036669,809.4907713
4170,North America,,2016,130.6819324,191.7228965,8.163465897,793.2518252
4171,North America,,2017,130.6511297,189.7756889,7.978228245,771.528806
4228,Northern Ireland,,1990,252.6078041,514.7343531,19.55891737,1859.676822
4229,Northern Ireland,,1991,240.210317,481.2032709,18.80349466,1764.066438
4230,Northern Ireland,,1992,228.2721782,445.9601909,16.82770987,1682.274963
4231,Northern Ireland,,1993,230.8156374,439.573815,16.35010355,1703.518526
4232,Northern Ireland,,1994,218.078726,406.0801341,15.48169109,1604.737021
4233,Northern Ireland,,1995,213.2320276,382.8520406,14.94136249,1579.377356
4234,Northern Ireland,,1996,199.1435001,343.7847761,13.69618807,1483.393549
4235,Northern Ireland,,1997,189.8759848,319.512139,13.08846458,1407.188039
4236,Northern Ireland,,1998,184.0494723,300.7650152,13.10292016,1362.261554
4237,Northern Ireland,,1999,180.4420692,286.56084,12.74997666,1337.783834
4238,Northern Ireland,,2000,166.8260251,260.7232133,11.69931906,1229.547796
4239,Northern Ireland,,2001,154.0857517,237.8921658,10.99670916,1123.155908
4240,Northern Ireland,,2002,152.5424082,236.7810766,10.92296223,1094.003597
4241,Northern Ireland,,2003,144.5978154,219.5087056,9.89017379,1035.927646
4242,Northern Ireland,,2004,139.6893321,212.9246734,9.634855003,986.5996805
4243,Northern Ireland,,2005,133.7223652,203.2312995,9.543252662,933.334895
4244,Northern Ireland,,2006,132.7085239,200.2149116,9.844178451,914.5217138
4245,Northern Ireland,,2007,129.8916413,193.4460015,9.812090248,887.1845003
4246,Northern Ireland,,2008,125.808436,184.6363721,9.497544384,854.6428576
4247,Northern Ireland,,2009,122.0763165,179.4290235,9.040227514,818.024592
4248,Northern Ireland,,2010,122.1971044,179.7160255,8.935429112,808.2124768
4249,Northern Ireland,,2011,118.0378094,170.6438021,8.05691732,780.0310444
4250,Northern Ireland,,2012,115.9202973,164.841254,7.700998688,760.3468848
4251,Northern Ireland,,2013,113.9224046,159.1891237,7.23992422,736.9515108
4252,Northern Ireland,,2014,112.1613822,152.584747,6.840765028,717.1160323
4253,Northern Ireland,,2015,114.914602,152.9965128,6.907547137,724.440779
4254,Northern Ireland,,2016,114.4395009,152.0054235,6.728313631,707.5475283
4255,Northern Ireland,,2017,114.047396,149.52303,6.48025334,692.0411588
4312,Oceania,,1990,110.8597286,718.995809,54.88949472,1492.147694
4313,Oceania,,1991,109.6581564,710.585055,54.65531077,1486.806691
4314,Oceania,,1992,108.2687715,701.4694341,54.17559434,1474.445361
4315,Oceania,,1993,106.661545,691.2174343,53.47648837,1460.398597
4316,Oceania,,1994,105.2521526,681.954668,52.755493,1451.2888
4317,Oceania,,1995,104.142082,674.0297715,52.27791062,1442.364516
4318,Oceania,,1996,103.1538586,663.4173782,51.86450901,1443.286317
4319,Oceania,,1997,102.7091818,657.4799894,51.90204649,1439.836712
4320,Oceania,,1998,102.0569916,650.3558871,52.01627366,1430.296558
4321,Oceania,,1999,102.1824268,648.8259645,52.62420952,1430.068758
4322,Oceania,,2000,102.3659771,649.6599726,53.2392142,1429.624617
4323,Oceania,,2001,102.3956979,646.8316823,53.56475074,1424.184197
4324,Oceania,,2002,102.7894333,644.973414,54.05927026,1423.682723
4325,Oceania,,2003,103.5771584,645.6326362,54.81329047,1422.989442
4326,Oceania,,2004,104.2766502,645.2350221,55.57286627,1416.099637
4327,Oceania,,2005,105.2242731,646.0022523,56.34242237,1411.763912
4328,Oceania,,2006,106.251998,647.3645427,56.94668572,1408.500782
4329,Oceania,,2007,106.9950999,646.1164091,57.24968604,1404.233295
4330,Oceania,,2008,107.5035564,643.1049585,57.2803488,1398.638673
4331,Oceania,,2009,107.714662,637.9535709,57.04748046,1390.725586
4332,Oceania,,2010,108.0261619,633.3976444,56.78430162,1383.68598
4333,Oceania,,2011,108.2792195,629.0211883,56.41346225,1378.441747
4334,Oceania,,2012,108.5065851,623.5828838,55.93954613,1373.953662
4335,Oceania,,2013,108.5780771,616.824552,55.31338013,1369.155964
4336,Oceania,,2014,108.4956981,608.7894563,54.61141821,1362.119718
4337,Oceania,,2015,108.4150873,600.2085984,53.89518873,1357.407352
4338,Oceania,,2016,108.4724225,592.579907,53.29132712,1348.668977
4339,Oceania,,2017,108.6038851,586.8176399,52.82832593,1334.158333
4900,Scotland,,1990,383.8276988,685.715649,27.32375075,2209.938411
4901,Scotland,,1991,373.9998202,649.4561516,26.69127331,2179.25325
4902,Scotland,,1992,366.5387621,616.3667488,25.42466005,2165.416361
4903,Scotland,,1993,369.9796709,606.0290463,25.17655513,2203.207192
4904,Scotland,,1994,349.9003921,560.7236345,23.27254696,2091.195404
4905,Scotland,,1995,342.3470308,533.1327177,22.94845563,2053.528465
4906,Scotland,,1996,339.1339913,513.2221818,22.86316387,2045.137486
4907,Scotland,,1997,324.9937006,472.2460453,21.50857587,1975.155014
4908,Scotland,,1998,316.20391,443.6411374,20.70076322,1933.967811
4909,Scotland,,1999,312.8315677,425.5891105,19.88197407,1923.972324
4910,Scotland,,2000,293.925169,388.9968592,18.54549346,1813.429266
4911,Scotland,,2001,285.970731,372.3218575,18.49268934,1757.046321
4912,Scotland,,2002,281.585182,363.7540222,17.78496478,1721.784089
4913,Scotland,,2003,272.2932021,346.0041719,16.76826727,1666.616438
4914,Scotland,,2004,259.3701646,325.936957,16.06051243,1582.549606
4915,Scotland,,2005,249.5828981,310.3571363,15.57481029,1514.920247
4916,Scotland,,2006,248.9851116,309.1608467,15.85880137,1496.198192
4917,Scotland,,2007,244.1363933,298.1171438,15.32476762,1463.550796
4918,Scotland,,2008,240.3139911,288.9075604,15.12888784,1434.470416
4919,Scotland,,2009,231.0749725,273.6699757,13.96705589,1374.127749
4920,Scotland,,2010,227.7366769,266.4834569,13.3762862,1345.48499
4921,Scotland,,2011,224.263429,255.1693334,12.97266218,1326.006556
4922,Scotland,,2012,220.1357267,244.3886434,12.27892179,1299.999904
4923,Scotland,,2013,219.5337287,240.7292141,12.16315972,1282.214982
4924,Scotland,,2014,213.1180368,229.7646743,11.62419307,1230.696487
4925,Scotland,,2015,217.0237821,231.8047857,11.95179493,1233.301367
4926,Scotland,,2016,218.3852277,233.8104255,12.28787465,1218.944752
4927,Scotland,,2017,215.9004766,230.2999945,12.04720161,1169.821532
5208,South Asia,,1990,74.05423579,382.1063781,19.42634386,1289.234742
5209,South Asia,,1991,74.06595663,380.0731058,19.24048904,1286.91898
5210,South Asia,,1992,73.86650784,377.5802362,18.98396001,1280.984276
5211,South Asia,,1993,73.11716363,372.0823972,18.65140197,1263.479615
5212,South Asia,,1994,72.48916276,367.0332224,18.35531721,1246.184828
5213,South Asia,,1995,71.48878883,359.3979184,17.980383,1223.481848
5214,South Asia,,1996,71.63020854,359.0167976,17.95041613,1208.685236
5215,South Asia,,1997,73.84107302,367.8674151,18.20133512,1234.719694
5216,South Asia,,1998,72.81232299,358.2272894,17.59441909,1219.176305
5217,South Asia,,1999,69.60769739,334.8993382,17.47509703,1156.781147
5218,South Asia,,2000,68.78698404,325.3652215,17.09328333,1141.899254
5219,South Asia,,2001,67.95968982,315.1526328,16.41160742,1124.812346
5220,South Asia,,2002,66.38479814,301.9126327,15.89318166,1086.484473
5221,South Asia,,2003,64.50431664,289.0760692,15.19305916,1038.714907
5222,South Asia,,2004,61.69582905,271.1479696,14.3895894,977.7348928
5223,South Asia,,2005,61.68983627,265.3347358,14.27097049,961.5191187
5224,South Asia,,2006,62.27178789,262.301703,14.30255621,953.1552891
5225,South Asia,,2007,63.18093429,262.2781657,14.43759096,942.3670173
5226,South Asia,,2008,64.00564336,260.162923,14.35701355,940.2342139
5227,South Asia,,2009,64.43325273,257.0103598,14.11822028,931.55908
5228,South Asia,,2010,64.86544111,254.6684181,13.8098477,922.32872
5229,South Asia,,2011,65.25814379,252.5336808,13.6201554,910.7176027
5230,South Asia,,2012,65.43545123,250.2747003,13.29343368,896.48943
5231,South Asia,,2013,64.94252849,244.3484635,12.72906814,879.3758116
5232,South Asia,,2014,64.17102587,236.7367923,12.17607831,859.8314773
5233,South Asia,,2015,63.74226909,231.2780338,11.77880049,840.552171
5234,South Asia,,2016,64.10942165,227.9148617,11.54393752,834.4175744
5235,South Asia,,2017,63.81463435,221.7957223,11.15106284,819.8157846
5292,Southeast Asia,,1990,74.91971857,355.3103854,20.98360072,1235.563587
5293,Southeast Asia,,1991,75.25404929,352.925148,20.83958666,1231.036707
5294,Southeast Asia,,1992,76.08991428,353.1581604,20.85995125,1233.421834
5295,Southeast Asia,,1993,76.51729441,351.6021325,20.75985018,1227.866494
5296,Southeast Asia,,1994,77.16473226,351.5439551,20.89356902,1218.53241
5297,Southeast Asia,,1995,77.92861706,350.6733553,21.11338242,1212.768296
5298,Southeast Asia,,1996,78.45693265,348.3256508,21.083768,1205.439493
5299,Southeast Asia,,1997,78.42757365,343.2784505,20.78529367,1190.647522
5300,Southeast Asia,,1998,78.84117383,339.5371442,20.74985651,1178.870923
5301,Southeast Asia,,1999,79.94606811,337.8731154,20.82475216,1179.720697
5302,Southeast Asia,,2000,80.8816113,335.9700085,20.81612231,1179.000747
5303,Southeast Asia,,2001,81.28267554,330.8729388,20.58784202,1170.195429
5304,Southeast Asia,,2002,82.0513623,326.3022152,20.54537591,1166.169342
5305,Southeast Asia,,2003,82.60438492,320.8722258,20.45740288,1157.801682
5306,Southeast Asia,,2004,83.2890496,316.1963651,20.43518454,1149.008243
5307,Southeast Asia,,2005,83.92812158,310.9470213,20.34553516,1141.208309
5308,Southeast Asia,,2006,84.57556132,305.4586463,20.16693202,1131.695458
5309,Southeast Asia,,2007,85.05730249,299.389077,19.9862915,1120.304744
5310,Southeast Asia,,2008,85.73099954,294.6392882,19.98070734,1106.842673
5311,Southeast Asia,,2009,86.16665841,289.5372346,19.94456288,1088.81132
5312,Southeast Asia,,2010,86.46477587,284.0716436,19.78732839,1071.180137
5313,Southeast Asia,,2011,86.83435662,279.5036086,19.52033003,1053.76804
5314,Southeast Asia,,2012,87.05222408,274.8864674,19.23368665,1034.888248
5315,Southeast Asia,,2013,87.11967254,270.2350622,18.9078104,1013.663894
5316,Southeast Asia,,2014,87.62865746,267.1611953,18.6389091,997.0769525
5317,Southeast Asia,,2015,88.31155291,264.7983389,18.4972324,979.3313166
5318,Southeast Asia,,2016,88.88278058,261.6906355,18.17091185,961.7958582
5319,Southeast Asia,,2017,89.2156118,258.5884886,17.79660673,940.3550316
5320,"Southeast Asia, East Asia, and Oceania",,1990,95.54090138,339.5625701,17.4760283,1503.376522
5321,"Southeast Asia, East Asia, and Oceania",,1991,97.81270169,341.6930875,17.91050801,1522.006669
5322,"Southeast Asia, East Asia, and Oceania",,1992,99.72741038,340.7792195,18.6190646,1531.403695
5323,"Southeast Asia, East Asia, and Oceania",,1993,101.3713024,339.5599919,19.15514217,1532.487172
5324,"Southeast Asia, East Asia, and Oceania",,1994,102.9065582,337.6409011,19.59872509,1533.042883
5325,"Southeast Asia, East Asia, and Oceania",,1995,104.8946713,337.138333,20.33110044,1531.787767
5326,"Southeast Asia, East Asia, and Oceania",,1996,106.6914951,334.2200015,20.77576168,1529.73394
5327,"Southeast Asia, East Asia, and Oceania",,1997,107.9161968,327.7666852,20.91738324,1522.412771
5328,"Southeast Asia, East Asia, and Oceania",,1998,110.12144,323.9027565,21.00975873,1534.019134
5329,"Southeast Asia, East Asia, and Oceania",,1999,111.8668033,318.433866,21.13671944,1522.510195
5330,"Southeast Asia, East Asia, and Oceania",,2000,113.8698607,316.554601,21.05570691,1515.00992
5331,"Southeast Asia, East Asia, and Oceania",,2001,114.9991979,311.9405744,19.8116285,1505.140427
5332,"Southeast Asia, East Asia, and Oceania",,2002,116.9092694,309.2307544,18.74784419,1503.65648
5333,"Southeast Asia, East Asia, and Oceania",,2003,119.3244609,306.124011,17.56440242,1513.388685
5334,"Southeast Asia, East Asia, and Oceania",,2004,119.9732029,297.3662117,17.29747343,1484.096243
5335,"Southeast Asia, East Asia, and Oceania",,2005,118.0779837,282.9574882,16.95486069,1423.8421
5336,"Southeast Asia, East Asia, and Oceania",,2006,115.2773262,268.4820895,16.3484165,1353.734904
5337,"Southeast Asia, East Asia, and Oceania",,2007,114.7033135,259.7792407,16.17362686,1314.095187
5338,"Southeast Asia, East Asia, and Oceania",,2008,115.6930246,254.5416291,16.4830491,1297.528961
5339,"Southeast Asia, East Asia, and Oceania",,2009,117.5845367,250.9863834,16.89564003,1297.103237
5340,"Southeast Asia, East Asia, and Oceania",,2010,119.7651243,250.5262211,17.22350168,1292.118872
5341,"Southeast Asia, East Asia, and Oceania",,2011,121.3681761,251.6572146,17.3402133,1270.771968
5342,"Southeast Asia, East Asia, and Oceania",,2012,122.5054891,252.7912755,17.51301403,1236.388227
5343,"Southeast Asia, East Asia, and Oceania",,2013,122.2629337,251.9462264,17.50350512,1181.47987
5344,"Southeast Asia, East Asia, and Oceania",,2014,125.9346169,258.4247096,17.386332,1171.913744
5345,"Southeast Asia, East Asia, and Oceania",,2015,130.8022094,265.2567635,17.17966587,1177.526975
5346,"Southeast Asia, East Asia, and Oceania",,2016,133.8825576,264.1212207,16.89541855,1175.030239
5347,"Southeast Asia, East Asia, and Oceania",,2017,134.4199966,252.3267006,16.60254975,1168.457667
5348,Southern Latin America,,1990,136.3227781,424.6214996,24.54527519,1131.784709
5349,Southern Latin America,,1991,129.8565365,404.4546605,23.29205488,1065.244206
5350,Southern Latin America,,1992,128.4014242,399.2490699,22.80905278,1040.921479
5351,Southern Latin America,,1993,125.130419,386.4251004,21.81423956,1007.268157
5352,Southern Latin America,,1994,121.5263351,373.4595105,21.23455931,963.1302063
5353,Southern Latin America,,1995,120.8111504,367.5003098,20.60346408,950.75355
5354,Southern Latin America,,1996,121.1482753,366.0186183,20.36135344,941.126989
5355,Southern Latin America,,1997,121.1331242,360.0910844,19.82996432,939.3118566
5356,Southern Latin America,,1998,121.7167631,353.9244533,19.18329154,949.0729247
5357,Southern Latin America,,1999,122.8134306,350.3729759,18.95177484,957.9264369
5358,Southern Latin America,,2000,117.8803256,331.3210402,17.88913332,915.2238772
5359,Southern Latin America,,2001,118.6355682,328.9179596,17.4744277,916.7014179
5360,Southern Latin America,,2002,120.3151356,329.813616,17.08235847,926.5341373
5361,Southern Latin America,,2003,121.5863398,326.7853707,16.63573115,941.1675579
5362,Southern Latin America,,2004,118.5013252,313.3099774,15.73200447,918.3064049
5363,Southern Latin America,,2005,116.5537009,304.8631813,15.22236096,896.3075175
5364,Southern Latin America,,2006,115.649113,298.8590522,14.85322633,881.6197712
5365,Southern Latin America,,2007,118.1818039,301.9479913,14.78091648,893.8927362
5366,Southern Latin America,,2008,113.6687232,288.9817768,14.12388975,846.8401676
5367,Southern Latin America,,2009,113.3887247,284.8989191,14.10633977,836.0627609
5368,Southern Latin America,,2010,112.1807639,275.5039415,13.42875481,830.8299237
5369,Southern Latin America,,2011,111.2452486,269.8895392,12.99584935,818.5321381
5370,Southern Latin America,,2012,109.9543943,265.2984203,12.65245269,797.9716779
5371,Southern Latin America,,2013,108.4437446,259.3283579,12.3379388,777.2630207
5372,Southern Latin America,,2014,105.1311777,247.8682027,11.61686806,748.6392987
5373,Southern Latin America,,2015,104.0781935,242.8261161,11.28391946,733.1267409
5374,Southern Latin America,,2016,103.4920507,239.6796654,11.174643,718.4178102
5375,Southern Latin America,,2017,102.2054005,234.8405086,11.14520941,698.8392883
5376,Southern Sub-Saharan Africa,,1990,68.60115324,330.318084,30.2472796,952.9652881
5377,Southern Sub-Saharan Africa,,1991,68.32408471,326.3906348,29.56967777,943.2742407
5378,Southern Sub-Saharan Africa,,1992,69.28472302,328.0785742,29.9005149,944.6030708
5379,Southern Sub-Saharan Africa,,1993,68.77616188,326.8453959,27.59654399,951.0296147
5380,Southern Sub-Saharan Africa,,1994,71.2788949,340.3349881,27.48192394,980.4050455
5381,Southern Sub-Saharan Africa,,1995,72.91664152,351.3673581,27.05400204,993.5330643
5382,Southern Sub-Saharan Africa,,1996,79.01948315,384.5404069,27.09612167,1079.939138
5383,Southern Sub-Saharan Africa,,1997,85.92632978,421.1570774,29.53189707,1147.619019
5384,Southern Sub-Saharan Africa,,1998,88.79683012,435.1268705,31.41866666,1156.987488
5385,Southern Sub-Saharan Africa,,1999,89.93072389,438.3074109,33.42976837,1136.332376
5386,Southern Sub-Saharan Africa,,2000,94.59117091,455.9278046,37.6010391,1153.603975
5387,Southern Sub-Saharan Africa,,2001,91.75046504,435.9560785,35.96141479,1122.940215
5388,Southern Sub-Saharan Africa,,2002,91.95307575,430.1109859,36.57612335,1109.64791
5389,Southern Sub-Saharan Africa,,2003,91.85987296,422.2475693,37.10667142,1092.711729
5390,Southern Sub-Saharan Africa,,2004,90.73249598,411.6497647,36.89377715,1061.628455
5391,Southern Sub-Saharan Africa,,2005,89.59544313,402.858397,35.79458276,1039.750778
5392,Southern Sub-Saharan Africa,,2006,88.68734452,397.7591192,34.1193863,1025.213728
5393,Southern Sub-Saharan Africa,,2007,85.40895495,382.998329,30.85444845,994.1456307
5394,Southern Sub-Saharan Africa,,2008,82.2478268,368.4810466,27.87495536,960.9223668
5395,Southern Sub-Saharan Africa,,2009,78.66279085,352.6803779,24.59715373,924.3897536
5396,Southern Sub-Saharan Africa,,2010,74.34434643,333.1747091,21.20481022,880.5359886
5397,Southern Sub-Saharan Africa,,2011,69.89637241,312.2673868,17.97099353,836.7293885
5398,Southern Sub-Saharan Africa,,2012,66.20648886,292.6556084,15.86300302,796.7977547
5399,Southern Sub-Saharan Africa,,2013,63.04648907,275.1896497,14.56071495,755.5085921
5400,Southern Sub-Saharan Africa,,2014,60.8519566,263.0573095,13.75430594,719.470406
5401,Southern Sub-Saharan Africa,,2015,59.56534192,253.9436974,13.36266238,695.6547304
5402,Southern Sub-Saharan Africa,,2016,58.34515989,243.777297,13.50222887,665.2320412
5403,Southern Sub-Saharan Africa,,2017,55.62033307,225.5454856,14.25028863,609.6134646
5460,Sub-Saharan Africa,,1990,32.82659788,201.2615142,14.23944127,570.6646932
5461,Sub-Saharan Africa,,1991,32.54025863,200.1882887,14.13957639,567.1663264
5462,Sub-Saharan Africa,,1992,32.52303998,200.5349667,14.24212843,566.5869862
5463,Sub-Saharan Africa,,1993,32.29955553,199.9943012,14.01358658,566.66402
5464,Sub-Saharan Africa,,1994,32.31333463,201.2191422,13.96955672,569.3212025
5465,Sub-Saharan Africa,,1995,32.27574163,202.9209537,13.94645742,569.417099
5466,Sub-Saharan Africa,,1996,32.59905315,206.5899264,13.89115385,581.3383371
5467,Sub-Saharan Africa,,1997,32.81368829,209.5166998,14.00469182,587.8236874
5468,Sub-Saharan Africa,,1998,32.68851293,209.978082,14.13821926,585.1814771
5469,Sub-Saharan Africa,,1999,32.21910708,208.3237542,14.13752147,576.1365397
5470,Sub-Saharan Africa,,2000,32.156002,208.9079411,14.43421982,572.8369018
5471,Sub-Saharan Africa,,2001,31.11162535,202.2425263,13.87629543,558.8608011
5472,Sub-Saharan Africa,,2002,30.38509595,197.8094069,13.5572222,547.7713524
5473,Sub-Saharan Africa,,2003,29.7249227,193.739148,13.33130536,536.0253813
5474,Sub-Saharan Africa,,2004,28.90886637,188.9220439,12.97317453,521.4453378
5475,Sub-Saharan Africa,,2005,28.03850061,183.8033994,12.48465487,507.8037979
5476,Sub-Saharan Africa,,2006,27.38323187,180.5113902,12.05109436,496.8956682
5477,Sub-Saharan Africa,,2007,26.49542441,175.6070746,11.43542948,483.0441682
5478,Sub-Saharan Africa,,2008,25.65665489,170.76908,10.86888488,469.3273349
5479,Sub-Saharan Africa,,2009,24.8459411,165.9529949,10.30212863,456.0999676
5480,Sub-Saharan Africa,,2010,24.03156675,160.7258065,9.741767845,443.0577778
5481,Sub-Saharan Africa,,2011,23.25735948,155.6157775,9.205910163,430.6437815
5482,Sub-Saharan Africa,,2012,22.60237237,150.8894024,8.806426599,419.3135519
5483,Sub-Saharan Africa,,2013,21.9695947,146.09044,8.465484121,407.5619635
5484,Sub-Saharan Africa,,2014,21.43761296,141.8695308,8.180170565,396.9238529
5485,Sub-Saharan Africa,,2015,21.01954908,138.17527,7.94842295,388.7632254
5486,Sub-Saharan Africa,,2016,20.61570902,134.4442541,7.740424433,380.0318475
5487,Sub-Saharan Africa,,2017,20.09297222,129.7023946,7.584847898,367.4390281
5852,Tropical Latin America,,1990,100.9151597,436.2114623,27.3742784,1455.215127
5853,Tropical Latin America,,1991,99.07923914,423.66002,26.46562115,1407.299196
5854,Tropical Latin America,,1992,100.2083782,423.0506557,26.38265903,1395.593152
5855,Tropical Latin America,,1993,102.4674132,425.2452979,26.55666323,1406.899836
5856,Tropical Latin America,,1994,101.6662101,415.1192863,26.0808323,1372.165829
5857,Tropical Latin America,,1995,100.349907,404.2357754,25.58315244,1323.017301
5858,Tropical Latin America,,1996,99.2578263,394.746637,25.04787763,1275.180381
5859,Tropical Latin America,,1997,97.52223599,380.2230371,24.26330153,1224.84422
5860,Tropical Latin America,,1998,97.23288198,370.7532142,23.65851012,1197.567853
5861,Tropical Latin America,,1999,96.37211193,360.0351184,22.93594181,1161.84381
5862,Tropical Latin America,,2000,94.53274669,346.7469669,22.02421001,1118.27259
5863,Tropical Latin America,,2001,93.0673233,332.6493961,21.20162344,1081.689728
5864,Tropical Latin America,,2002,91.68348424,319.3834991,20.31135664,1051.997476
5865,Tropical Latin America,,2003,91.0417498,309.9242286,19.57870481,1029.904185
5866,Tropical Latin America,,2004,89.71000211,299.5012082,18.82456478,995.9187634
5867,Tropical Latin America,,2005,86.47403315,282.4738166,17.71294919,943.0075054
5868,Tropical Latin America,,2006,85.07387772,271.7125964,16.98636107,910.202308
5869,Tropical Latin America,,2007,83.88414666,262.3405274,16.27844364,878.1900053
5870,Tropical Latin America,,2008,82.89174522,254.0419788,15.71148284,846.8181162
5871,Tropical Latin America,,2009,82.27729696,245.9127863,15.14176231,825.0375443
5872,Tropical Latin America,,2010,81.8404669,238.4511614,14.46000206,808.0337747
5873,Tropical Latin America,,2011,81.25146968,231.5069723,13.85560776,787.0468864
5874,Tropical Latin America,,2012,79.78464108,222.5051431,13.17520666,756.71252
5875,Tropical Latin America,,2013,78.83957368,214.9372386,12.51502316,733.9878553
5876,Tropical Latin America,,2014,77.44814481,206.5001917,11.73212607,708.1802403
5877,Tropical Latin America,,2015,77.07683673,201.115027,11.16129451,691.1303189
5878,Tropical Latin America,,2016,77.88553748,199.7679298,10.94105836,680.159538
5879,Tropical Latin America,,2017,78.60814026,198.0072215,10.76337803,666.4582607
6272,Wales,,1990,344.0933589,554.6455282,21.39405589,1851.631365
6273,Wales,,1991,335.077784,519.4680197,20.5589429,1830.839991
6274,Wales,,1992,328.6609221,491.4048379,19.90778983,1813.580214
6275,Wales,,1993,328.4749498,476.2620766,19.83288024,1819.635704
6276,Wales,,1994,316.4967691,443.3583999,19.12929941,1759.80931
6277,Wales,,1995,313.6183529,419.8600097,18.82641726,1756.429916
6278,Wales,,1996,303.0100339,391.3392425,17.97498131,1705.271466
6279,Wales,,1997,293.3764345,363.34313,17.23726882,1660.356925
6280,Wales,,1998,284.7232526,340.5143372,16.33266403,1620.979091
6281,Wales,,1999,279.0521946,324.4786193,15.46816801,1598.337178
6282,Wales,,2000,266.325511,300.711297,14.88081397,1533.4162
6283,Wales,,2001,255.4132969,282.4193903,14.79620665,1472.375772
6284,Wales,,2002,249.4772298,274.7150961,14.13033931,1436.27691
6285,Wales,,2003,243.0585372,265.2103138,13.49219066,1400.945037
6286,Wales,,2004,231.4168799,252.1837949,12.77693061,1332.103891
6287,Wales,,2005,223.1669498,244.6612473,12.17152047,1277.494916
6288,Wales,,2006,216.7084807,242.2445872,12.22437267,1225.316845
6289,Wales,,2007,211.7273999,238.8815838,11.95110481,1186.055648
6290,Wales,,2008,207.681379,235.8445014,11.58266384,1153.199706
6291,Wales,,2009,200.5710949,229.7884883,11.00348351,1101.293522
6292,Wales,,2010,194.2948858,221.4898098,10.73972716,1058.745113
6293,Wales,,2011,188.78264,212.4615161,10.6202531,1022.794346
6294,Wales,,2012,186.1012149,207.5801597,10.09737158,1000.898751
6295,Wales,,2013,184.913695,207.5679163,9.531329254,976.9569673
6296,Wales,,2014,178.8882799,200.5390282,8.828810968,928.8391315
6297,Wales,,2015,179.6705224,201.9102742,8.885683556,911.9487949
6298,Wales,,2016,178.1449989,200.9589827,8.959416879,886.790091
6299,Wales,,2017,176.0429884,198.0924637,8.709142654,852.2858626
6300,Western Europe,,1990,217.1136438,362.7998559,19.36312382,1336.937362
6301,Western Europe,,1991,214.9392778,353.6028479,19.19469122,1311.924473
6302,Western Europe,,1992,210.4338592,340.9554771,18.80432453,1275.61857
6303,Western Europe,,1993,208.9858301,332.7999747,18.52020526,1259.224416
6304,Western Europe,,1994,204.5268663,321.1161724,18.1509142,1220.429327
6305,Western Europe,,1995,202.8246395,313.6875217,18.05675995,1199.210969
6306,Western Europe,,1996,199.1779997,303.0885948,17.73811357,1167.465255
6307,Western Europe,,1997,193.8588137,288.0403591,17.2626719,1128.288384
6308,Western Europe,,1998,190.9692557,277.4786368,16.92483631,1103.025762
6309,Western Europe,,1999,187.8703799,267.6258161,16.53226911,1076.055017
6310,Western Europe,,2000,182.424113,255.4640611,16.09197215,1034.915164
6311,Western Europe,,2001,177.837002,245.2557899,15.72556794,999.6525001
6312,Western Europe,,2002,174.9733949,237.8468727,15.32894841,977.3837566
6313,Western Europe,,2003,172.3589948,232.465208,14.91689559,955.2376112
6314,Western Europe,,2004,164.363043,220.7862778,14.08291537,900.1200027
6315,Western Europe,,2005,161.0121929,214.7990627,13.63358514,871.3947081
6316,Western Europe,,2006,157.4506766,208.9366196,13.14347461,841.0359846
6317,Western Europe,,2007,155.2544096,204.7755326,12.71143293,819.0491777
6318,Western Europe,,2008,153.493916,200.9397597,12.29699971,800.3461037
6319,Western Europe,,2009,151.6996486,197.7733935,11.83792488,780.0305001
6320,Western Europe,,2010,149.2124628,192.9110507,11.2569416,758.4706413
6321,Western Europe,,2011,148.1139448,189.082024,10.78966351,745.1845605
6322,Western Europe,,2012,147.0836331,185.5510826,10.24707631,736.0712657
6323,Western Europe,,2013,146.0082775,182.9746503,9.782755274,723.527599
6324,Western Europe,,2014,143.3542104,177.4900613,9.225528095,703.7375161
6325,Western Europe,,2015,145.3671334,177.5937445,8.920071313,709.0393282
6326,Western Europe,,2016,144.2896546,174.9215796,8.512884004,698.7638091
6327,Western Europe,,2017,143.7949616,172.324479,8.322619152,685.6221126
6328,Western Sub-Saharan Africa,,1990,22.52506783,131.3449648,9.272881799,364.7151547
6329,Western Sub-Saharan Africa,,1991,22.13779688,129.8015002,9.145249501,360.8159595
6330,Western Sub-Saharan Africa,,1992,21.87764636,129.0995039,9.072795225,358.0209905
6331,Western Sub-Saharan Africa,,1993,21.60728987,128.262657,9.005755085,355.0486297
6332,Western Sub-Saharan Africa,,1994,21.34281933,127.6321071,8.937391182,352.2069515
6333,Western Sub-Saharan Africa,,1995,21.05333311,127.0153711,8.86558318,349.2309063
6334,Western Sub-Saharan Africa,,1996,20.70984929,126.0493666,8.758766106,345.4536362
6335,Western Sub-Saharan Africa,,1997,20.3183297,124.5852842,8.656060203,341.2501389
6336,Western Sub-Saharan Africa,,1998,19.88980908,123.0639469,8.535391069,336.0929181
6337,Western Sub-Saharan Africa,,1999,19.49048796,122.0935753,8.367932378,331.7686382
6338,Western Sub-Saharan Africa,,2000,19.17307435,121.6099003,8.160535204,328.2677782
6339,Western Sub-Saharan Africa,,2001,18.62566684,118.7074755,7.918551442,322.1252304
6340,Western Sub-Saharan Africa,,2002,18.05380271,115.8606439,7.665056479,314.8610465
6341,Western Sub-Saharan Africa,,2003,17.46322923,112.9959101,7.407545104,306.4177701
6342,Western Sub-Saharan Africa,,2004,16.86876564,110.1868125,7.134158554,297.5086206
6343,Western Sub-Saharan Africa,,2005,16.28965511,107.4653375,6.846134015,288.9334883
6344,Western Sub-Saharan Africa,,2006,15.8186748,105.2055601,6.624506874,282.0065786
6345,Western Sub-Saharan Africa,,2007,15.33596594,102.6506675,6.394750081,274.6667863
6346,Western Sub-Saharan Africa,,2008,14.82876633,99.72883276,6.147839497,266.9130873
6347,Western Sub-Saharan Africa,,2009,14.4474752,97.56680357,5.965203399,260.6094036
6348,Western Sub-Saharan Africa,,2010,14.13343756,95.82899208,5.803291075,255.3256984
6349,Western Sub-Saharan Africa,,2011,13.82168608,93.87625155,5.645840081,250.4865556
6350,Western Sub-Saharan Africa,,2012,13.55765137,92.07655592,5.526237361,245.8268417
6351,Western Sub-Saharan Africa,,2013,13.27989078,90.11522313,5.3935346,241.0965441
6352,Western Sub-Saharan Africa,,2014,13.04080364,88.27806296,5.277866989,237.144495
6353,Western Sub-Saharan Africa,,2015,12.81457934,86.405727,5.160570671,233.8485744
6354,Western Sub-Saharan Africa,,2016,12.57782872,84.42530688,5.028832748,230.0010555
6355,Western Sub-Saharan Africa,,2017,12.30387405,82.28494254,4.875575955,224.8312785
