,Entity,Code,Year,AvgCigarettePriceDollars,AvgTaxesAsPctCigarettePrice,EnforceBansTobaccoAd,HelpToQuit,ProductionMT,SalePerDay,GDP_USD,ProductionUSD
0,Algeria,DZA,2012,1.84,47.0,4.0,3.0,8130.0,8.5200002187,5592.220115,107.316348329
1,Algeria,DZA,2014,2.09,40.9,4.0,4.0,7648.0,8.6600002759,5493.056663,100.713851841
2,Argentina,ARG,2012,2.79,69.9,4.0,4.0,7763.2598896,6.400000000099999,13082.66433,95.83514020999999
3,Argentina,ARG,2014,3.47,69.7,4.0,5.0,20069.96,6.509999942899998,12334.79825,79.917662257
4,Armenia,ARM,2012,1.69,38.4,2.0,4.0,23525.9891,8.9100002758,3681.844691,128.014091374
5,Armenia,ARM,2014,1.74,44.1,2.0,4.0,17344.1891,8.5200002187,3986.231624,101.43401475300001
6,Australia,AUS,2012,8.24,63.1,4.0,5.0,14369.689999999999,3.1200000046,68012.1479,411.32338756
7,Australia,AUS,2014,10.64,58.4,4.0,5.0,14369.689999999999,3.0099999903,62510.79117,411.32338756
8,Austria,AUT,2012,4.97,75.0,4.0,4.0,29314.692700000003,5.0200001241,48567.69529,337.32406646
9,Austria,AUT,2014,5.34,74.9,4.0,4.0,28599.1554,4.920000076300001,51717.49594,444.09024454
10,Azerbaijan,AZE,2012,1.75,19.8,4.0,3.0,1963.6,9.1600002757,7496.294648,6.4914785
11,Azerbaijan,AZE,2014,2.7,17.6,4.0,3.0,2430.2,6.920000076099998,7891.313147,9.817077252
12,Bahamas,BHS,2014,9.75,41.6,2.0,4.0,27571.013199999998,3.1500000235999996,29980.70826,344.580426127
13,Bangladesh,BGD,2012,1.38,63.8,4.0,3.0,8288.3198896,8.3600001806,883.1171296,121.02893576900001
14,Bangladesh,BGD,2014,1.54,75.6,4.0,3.0,15078.2217,8.2600001807,1118.873808,117.10628201099999
15,Belarus,BLR,2012,1.79,41.2,4.0,4.0,23525.9891,8.9100002758,6940.159254,131.3828119772
16,Belarus,BLR,2014,1.77,52.7,4.0,4.0,21541.06,8.3600001806,8318.51269,137.98530846519998
17,Belgium,BEL,2012,5.29,76.4,4.0,4.0,25832.562700000002,4.7600000858,44673.11588,315.22343493000005
18,Belgium,BEL,2014,6.08,76.4,4.0,5.0,31793.5,3.3899999855999994,47700.54036,290.13864288
19,Belize,BLZ,2014,6.75,42.5,2.0,3.0,27571.013199999998,3.7100000142999994,4718.436581,384.25045442
20,Bolivia,BOL,2012,2.89,40.4,4.0,4.0,23321.9291,7.019999980699998,2609.880562,133.996127338
21,Bolivia,BOL,2014,2.82,40.4,4.0,4.0,23321.9291,7.019999980699998,3081.878824,133.996127338
22,Bosnia and Herzegovina,BIH,2012,3.19,75.2,4.0,4.0,6752.0150920999995,6.3900000097,4778.636088,127.342503047
23,Bosnia and Herzegovina,BIH,2014,3.86,86.0,4.0,4.0,2030.172,6.320000028700001,5329.631984,14.46984524
24,Brazil,BRA,2012,2.33,62.6,5.0,5.0,44725.0,7.660000085600001,12370.02445,70.444313
25,Brazil,BRA,2014,2.85,64.3,5.0,5.0,35955.0,6.669999885599999,12112.58767,90.39365926
26,Bulgaria,BGR,2012,5.76,86.4,4.0,4.0,39908.0,5.800000191,7395.849803,181.9913904
27,Bulgaria,BGR,2014,6.25,84.0,4.0,4.0,22715.0,5.900000095,7876.866465,103.786547
28,Burundi,BDI,2014,2.26,41.2,2.0,2.0,147685.4502,8.8000001902,274.8578422,1280.66345295
29,Cambodia,KHM,2012,0.86,17.1,4.0,3.0,47670.38909999999,9.7100003231,950.880346,113.65275204699999
30,Cambodia,KHM,2014,0.92,22.2,4.0,3.0,47670.38909999999,9.7100003231,1093.495976,113.65275204699999
31,Cameroon,CMR,2012,7.54,21.5,4.0,3.0,147205.8002,3.330000019,1354.54555,1341.4607494699999
32,Cameroon,CMR,2014,2.43,17.9,4.0,4.0,10272.496715206998,8.0000000951,1542.620606,114.42643928100001
33,Canada,CAN,2012,6.8,64.5,4.0,5.0,30605.215399999997,3.2999999760999996,52669.08996,472.56754384999994
34,Canada,CAN,2014,6.88,64.5,4.0,5.0,30605.215399999997,3.2999999760999996,50955.99832,395.30332416
35,Chile,CHL,2012,3.69,82.0,4.0,3.0,10162.6356,6.3500000002,15351.54074,98.89451039999999
36,Chile,CHL,2014,5.21,81.6,4.0,3.0,14481.3373,4.770000076400001,14670.98891,98.620850107
37,China,CHN,2012,2.16,47.7,4.0,3.0,12762.529100000002,7.9200001236999995,6316.918318,99.38207916619999
38,China,CHN,2014,2.13,47.8,4.0,4.0,14912.4291,8.2700002188,7678.599486,98.63956426619998
39,Colombia,COL,2012,1.67,50.9,5.0,3.0,18519.8291,8.5200002187,8050.255372,98.63956426619998
40,Colombia,COL,2014,1.81,49.5,5.0,3.0,18519.8291,8.5200002187,8114.343921,98.63956426619998
41,Comoros,COM,2014,1.96,50.8,2.0,2.0,156854.8002,9.0600002757,1513.83039,1177.27494225
42,Costa Rica,CRI,2014,3.63,71.8,4.0,4.0,7000.12099605,6.370000028799999,10847.16967,111.854005257
43,Croatia,HRV,2012,4.81,70.4,4.0,4.0,9452.0,5.0,13258.35985,99.88884009999998
44,Croatia,HRV,2014,5.65,74.8,4.0,4.0,7137.0,4.630000019100001,13599.40978,109.438506407
45,Cyprus,CYP,2012,4.9,75.8,4.0,4.0,9531.5804,5.040000152700001,28912.15694,107.47165891
46,Cyprus,CYP,2014,5.52,77.3,4.0,4.0,12149.6113,4.6100001335,27163.33297,97.880346384
47,Czechia,CZE,2012,4.91,80.0,4.0,4.0,8138.4130000000005,5.300000191,19870.80121,106.72914400999998
48,Czechia,CZE,2014,5.69,75.6,4.0,4.0,13145.659899999999,4.400000095,19890.91991,97.610557814
49,Denmark,DNK,2012,4.66,78.7,4.0,5.0,5473.0,5.1,58507.50805,139.5860841
50,Denmark,DNK,2014,4.73,78.8,4.0,5.0,5433.0,4.8999999999999995,62548.98473,173.6361315
51,Dominican Republic,DOM,2012,5.53,58.3,2.0,3.0,2567.8103459999998,4.250000000000001,6110.366576,9.522946423000002
52,Dominican Republic,DOM,2014,6.25,57.7,2.0,3.0,28164.4759,3.3599999904999995,6608.825501,335.35944901000005
53,Ecuador,ECU,2012,5.67,64.2,4.0,4.0,3745.788924,4.3799999714,5682.046108,12.97843
54,Ecuador,ECU,2014,5.91,62.7,4.0,4.0,3075.198896,4.3999999524,6377.093929,15.516749
55,Egypt,EGY,2012,2.29,71.5,4.0,4.0,18752.6,7.6800001142999985,3229.68563,103.719282443
56,Egypt,EGY,2014,2.69,72.0,4.0,4.0,61060.0,7.400000047500001,3379.557986,143.2123564
57,Estonia,EST,2012,4.8,79.2,4.0,4.0,12450.0226,4.699999809,17404.2008,99.345505414
58,Estonia,EST,2014,4.8,81.7,4.0,4.0,9571.546900000001,4.5,20234.11742,99.04283215699999
59,Ethiopia,ETH,2014,1.97,18.7,4.0,4.0,23540.2891,9.1600002757,566.9264029,138.599668452
60,Fiji,FJI,2012,4.23,40.6,4.0,4.0,2672.711564,5.5500000474,4591.577015,20.4176074032
61,Fiji,FJI,2014,4.57,44.0,4.0,4.0,4149.398671600001,4.390000009300001,5605.609148,41.8936534822
62,Finland,FIN,2012,5.03,79.8,4.0,4.0,1119.8760924,4.0000000236,47710.79022,0.0
63,Finland,FIN,2014,5.42,81.7,4.0,4.0,1136.0588923999999,4.4200000523,50260.29986,0.0
64,France,FRA,2012,6.69,80.0,4.0,4.0,32437.872099999997,3.1699999807999997,40874.70039,362.148985297
65,France,FRA,2014,7.61,80.6,4.0,4.0,32153.0608,3.0399999855999997,43011.2631,355.586008897
66,Gambia,GMB,2014,4.42,34.4,4.0,2.0,149259.27529999998,4.6700000286,607.4299047,1293.8663802099998
67,Georgia,GEO,2012,1.57,54.9,2.0,3.0,29361.2,8.3600001806,4421.818242,145.34706000000003
68,Georgia,GEO,2014,2.41,47.5,2.0,4.0,6480.3198896,7.3600000381,4739.188338,56.25557129099999
69,Germany,DEU,2012,5.74,74.5,4.0,4.0,34582.538499999995,4.199999809,43858.36306,315.22343493000005
70,Germany,DEU,2014,6.34,73.5,4.0,4.0,45842.627,4.099999905,47959.99327,692.2874024
71,Ghana,GHA,2012,2.35,23.1,5.0,4.0,26385.929099999998,8.1600001332,1587.560932,137.509232312
72,Ghana,GHA,2014,2.41,28.3,5.0,4.0,26385.929099999998,8.020000076,1899.668336,137.509232312
73,Greece,GRC,2012,4.71,83.2,4.0,4.0,17603.8712,7.0,21915.19132,101.21077031200001
74,Greece,GRC,2014,5.75,81.6,4.0,4.0,14763.904,4.250000071500001,21601.7764,108.0063675
75,Guatemala,GTM,2012,2.92,49.0,2.0,4.0,6477.5198896,6.490000009499999,3355.036919,55.633277003
76,Guatemala,GTM,2014,3.22,49.0,2.0,4.0,3723.7426716,6.5100000381,3779.642336,26.987666437999998
77,Honduras,HND,2012,3.18,36.2,4.0,4.0,10249.940715207,6.920000076099998,2144.342363,111.23569641699999
78,Honduras,HND,2014,3.38,38.1,4.0,4.0,10249.940715207,6.880000066599999,2206.054397,111.23569641699999
79,Hungary,HUN,2012,4.82,84.1,4.0,4.0,3092.0,3.299999952,12950.68652,104.378341
80,Hungary,HUN,2014,6.74,77.4,4.0,4.0,2185.0,2.9799999953,14267.01215,70.012396
81,Iceland,ISL,2012,7.42,56.9,4.0,3.0,28835.350799999997,2.700000048,45995.54788,384.627608397
82,Iceland,ISL,2014,8.89,56.4,4.0,3.0,8482.830000000002,2.299999952,54576.74481,435.7061933399999
83,India,IND,2012,5.33,33.2,4.0,4.0,146051.45039999997,4.3300000667,1443.882435,1545.542413
84,India,IND,2014,4.63,66.1,4.0,4.0,146051.45039999997,4.740000009499999,1573.885642,1200.914044
85,Indonesia,IDN,2012,2.2,35.5,2.0,3.0,10164.3066716,8.2600001332,3694.35934,103.840862203
86,Indonesia,IDN,2014,2.68,50.8,2.0,3.0,2268.0066716,6.530000018999999,3491.637491,15.7491994584
87,Iran,IRN,2012,2.26,2.7,5.0,5.0,62687.39,9.1100002281,7927.844908,70.20675507600001
88,Iran,IRN,2014,2.52,4.3,5.0,5.0,62687.39,7.8100000853,5585.525604,65.94229493
89,Ireland,IRL,2012,10.59,78.8,4.0,5.0,37030.5254,3.0199999808,49028.82739,438.41774176
90,Ireland,IRL,2014,11.16,77.8,4.0,5.0,13827.930000000002,2.7999999998,55525.89725,401.06034639
91,Israel,ISR,2014,7.15,85.0,2.0,5.0,39871.42539999999,3.299999952,37738.41607,415.3867063199999
92,Italy,ITA,2012,5.44,75.5,4.0,4.0,23605.8175,4.0499999283,35053.52624,177.68951406000002
93,Italy,ITA,2014,5.43,76.1,4.0,4.0,30597.575399999994,4.239999914,35518.41529,266.51931343
94,Jamaica,JAM,2012,12.19,46.1,2.0,4.0,28164.4759,3.3100000142,5209.859264,353.36312837
95,Jamaica,JAM,2014,13.0,42.9,2.0,4.0,28164.4759,3.3100000142,4834.284009,353.36312837
96,Japan,JPN,2012,4.04,63.2,2.0,4.0,7.0,4.900000095,49145.28043,2.506565363
97,Japan,JPN,2014,4.34,62.9,2.0,4.0,3.0,4.5,38475.39525,1.887775859
98,Kazakhstan,KAZ,2012,1.26,27.0,4.0,4.0,727.0,9.1600002757,12386.69927,21.2464167464
99,Kazakhstan,KAZ,2014,1.45,39.7,4.0,4.0,1.0,8.9100002758,12807.26069,14.154263498699999
100,Kenya,KEN,2012,1.69,48.8,5.0,4.0,23364.8291,8.5200002187,1136.869893,145.20216494
101,Kenya,KEN,2014,1.78,49.3,5.0,4.0,23364.8291,8.5200002187,1315.802225,145.20216494
102,Latvia,LVA,2012,4.58,78.7,4.0,4.0,27817.974,2.900000095,13923.47398,238.61781210000004
103,Latvia,LVA,2014,7.13,77.3,4.0,4.0,33764.3132,2.799999952,15713.53697,415.74716935699996
104,Lebanon,LBN,2012,2.35,44.4,4.0,4.0,648.0198895999999,7.520000076199999,7952.151239,17.720915070700002
105,Lebanon,LBN,2014,2.67,48.3,4.0,4.0,679.1998896,6.530000018999999,7687.930519,13.623774734700001
106,Lithuania,LTU,2012,4.82,75.8,4.0,4.0,0.0,3.5,14367.70942,0.0
107,Lithuania,LTU,2014,5.11,77.6,4.0,4.0,0.0,4.0,16551.0182,0.0
108,Luxembourg,LUX,2012,4.26,71.1,4.0,4.0,6702.719999999999,5.4700000763,106749.0136,139.45985428999998
109,Luxembourg,LUX,2014,4.47,70.7,4.0,4.0,6702.719999999999,5.200000047600001,118823.6484,145.15032412
110,Malaysia,MYS,2012,5.02,58.4,4.0,4.0,876.274,4.0899999618,10817.43171,7.0696080064
111,Malaysia,MYS,2014,6.1,59.8,4.0,4.0,21983.5405,2.8499999763000003,11319.06194,184.72948997700001
112,Mali,MLI,2014,1.85,38.1,4.0,3.0,23625.2891,8.9100002758,848.279043,138.599668452
113,Mexico,MEX,2012,4.56,66.5,2.0,4.0,1197.3645999999999,4.5200000285,10241.72783,10.3318948965
114,Mexico,MEX,2014,5.15,65.8,2.0,5.0,23101.489999999998,4.1999999523,10928.91601,130.65102878700003
115,Moldova,MDA,2012,1.95,44.6,4.0,3.0,12912.789100000002,8.5200002187,3045.739874,102.17652965300002
116,Moldova,MDA,2014,2.06,51.6,4.0,4.0,1735.5020436070001,8.2700002188,3328.801449,27.011685001300002
117,Mongolia,MNG,2012,0.0,0.0,4.0,4.0,16607.744,9.1600002757,4351.888461,37.76158212
118,Mongolia,MNG,2014,2.54,44.2,4.0,4.0,1648.2540000000001,6.7100000379999996,4158.521471,50.07821336
119,Morocco,MAR,2012,4.08,68.0,4.0,3.0,20101.379999999997,5.270000076400001,2912.658275,188.659960026
120,Morocco,MAR,2014,4.81,68.4,4.0,3.0,19793.68,4.3900000095,3171.699192,164.628536173
121,Nepal,NPL,2012,1.78,32.9,4.0,3.0,23625.2891,8.9100002758,804.1416073,138.599668452
122,Nepal,NPL,2014,1.73,46.6,5.0,3.0,18519.8291,8.5200002187,844.8531248,112.01959183099999
123,Netherlands,NLD,2012,6.17,73.1,4.0,4.0,107623.0,1.5,50073.00566,832.5906727
124,Netherlands,NLD,2014,7.22,74.8,4.0,5.0,45974.0,3.3899999618,52830.17423,487.8147884
125,New Zealand,NZL,2012,8.53,73.3,4.0,5.0,38552.2627,2.8600000140999997,39973.38076,466.28743206
126,New Zealand,NZL,2014,10.61,75.0,4.0,5.0,37056.8,2.9300000189,44572.89875,446.94067078999996
127,Nicaragua,NIC,2012,2.84,30.5,2.0,3.0,156854.8002,7.6800000665,1760.467407,1177.27494225
128,Nigeria,NGA,2012,1.75,21.7,2.0,4.0,47670.38909999999,9.7100003231,2723.822191,113.228268096
129,North Macedonia,MKD,2012,2.81,70.8,4.0,3.0,23836.238502554996,6.5199999811,4697.196689,151.512167756
130,North Macedonia,MKD,2014,3.05,69.8,4.0,4.0,9477.6037921,6.400000000099999,5468.126225,116.7810591222
131,Norway,NOR,2012,8.33,72.8,4.0,4.0,8254.109999999999,2.8800000187999997,101524.1419,358.8804435
132,Norway,NOR,2014,9.31,67.2,4.0,4.0,8356.53,2.6599999902,97019.18275,432.17466785999994
133,Oman,OMN,2012,2.6,22.1,2.0,3.0,54615.172010455004,7.630000066399999,21872.61054,157.05002842000002
134,Oman,OMN,2014,2.86,22.1,2.0,4.0,8853.03,6.860000038000001,20035.21731,117.53923568720002
135,Pakistan,PAK,2012,0.97,61.6,2.0,3.0,1723.0395331869997,8.3600001806,1198.117637,42.838826611799995
136,Pakistan,PAK,2014,1.1,60.7,4.0,4.0,1883.824425587,8.3600001806,1251.175719,44.603245587299995
137,Panama,PAN,2012,6.57,56.5,5.0,5.0,23540.9,2.9500000001,10722.25235,258.30081002400004
138,Panama,PAN,2014,6.44,56.5,5.0,5.0,24417.9,3.0399999858,12796.05753,351.500695764
139,Peru,PER,2012,2.96,44.9,2.0,3.0,12634.929100000001,6.490000009499999,6528.971775,103.7638572442
140,Peru,PER,2014,3.7,39.5,2.0,3.0,12563.8291,6.810000037999998,6672.877373,99.258889043
141,Philippines,PHL,2012,1.23,34.2,4.0,4.0,9600.722043607,8.9100002758,2694.305109,104.924946403
142,Philippines,PHL,2014,1.86,53.0,4.0,4.0,2577.0438896,8.3600001806,2959.645435,22.404476929
143,Poland,POL,2012,5.85,79.7,4.0,4.0,25027.0,4.300000191,13097.27085,323.134198
144,Poland,POL,2014,6.45,82.6,4.0,4.0,20964.0,2.9999999761000002,14271.30585,352.0955236
145,Portugal,PRT,2012,6.07,76.3,4.0,4.0,11522.878,3.099999905,20564.88986,94.71234517
146,Portugal,PRT,2014,5.93,79.6,4.0,4.0,11459.113,4.5400000574,22074.30076,115.4315165
147,Romania,ROU,2012,5.79,75.3,4.0,5.0,27503.0027,4.099999905,8507.104775,174.51342244100002
148,Romania,ROU,2014,6.16,77.3,4.0,4.0,30251.8278,3.219999981,10043.67745,315.8574770000001
149,Russia,RUS,2012,1.52,45.0,2.0,3.0,590.42,8.5200002187,15420.87454,10.219494102000002
150,Russia,RUS,2014,2.18,50.5,5.0,4.0,33765.111300000004,7.970000171299999,14095.64874,153.46117524000002
151,Rwanda,RWA,2014,2.01,24.1,2.0,2.0,156854.8002,9.700000332699998,743.559038,1246.20061605
152,Saint Kitts and Nevis,KNA,2012,3.52,19.9,2.0,3.0,54488.372010455,7.630000066399999,16046.48694,141.579390996
153,Samoa,WSM,2012,5.96,59.5,4.0,3.0,19601.3527,4.159999943,4022.177848,146.182419773
154,Saudi Arabia,SAU,2012,2.63,22.9,2.0,4.0,54488.372010455,7.7300000664,25243.602,141.579390996
155,Senegal,SEN,2012,1.61,29.0,2.0,3.0,171774.27529999998,9.700000332699998,1317.779802,1246.20061605
156,Senegal,SEN,2014,1.91,37.9,4.0,3.0,23639.5891,8.9100002758,1396.657339,138.599668452
157,Serbia,SRB,2012,3.25,75.4,4.0,4.0,372.98,6.3900000574,6015.945228,13.8103874757
158,Serbia,SRB,2014,4.48,73.8,4.0,4.0,29766.212010455005,4.980000019,6600.056809,213.82268581000002
159,Sierra Leone,SLE,2014,1.58,19.7,2.0,2.0,177770.4753,9.700000332699998,714.6997957,1246.20061605
160,Singapore,SGP,2012,10.58,70.4,4.0,5.0,14344.169999999998,3.0400000332,55546.48854,478.46542951999993
161,Singapore,SGP,2014,11.04,73.8,4.0,5.0,14342.98,3.0400000332,57562.53079,494.70131685999996
162,Slovakia,SVK,2012,4.66,83.1,4.0,4.0,13941.003399999998,4.199999809,17481.89544,122.83902731699997
163,Slovakia,SVK,2014,4.95,84.6,4.0,4.0,12997.303399999999,3.900000095,18674.34406,118.33662772399998
164,Slovenia,SVN,2012,4.93,78.4,4.0,4.0,0.0,5.800000191,22643.10025,0.0
165,Slovenia,SVN,2014,5.84,79.4,4.0,4.0,0.0,4.599999905,24214.92207,0.0
166,South Africa,ZAF,2012,5.16,47.6,4.0,3.0,12525.1452,4.219999981,7501.661096,111.50691068900001
167,South Africa,ZAF,2014,5.48,48.1,4.0,4.0,1310.6680000000001,4.179999971300001,6433.400402,17.9566390933
168,South Korea,KOR,2012,3.22,65.3,2.0,5.0,23195.3661,6.6899999143999995,25466.76052,83.5244202582
169,South Korea,KOR,2014,3.24,60.3,2.0,5.0,22074.0661,6.939999961699999,29249.57522,83.5244202582
170,Spain,ESP,2012,5.65,79.2,5.0,4.0,19987.611300000004,4.4400000097,28324.42934,203.56233932
171,Spain,ESP,2014,6.39,78.8,5.0,4.0,22354.721299999997,3.2299999952,29461.55033,290.52441368399997
172,Sri Lanka,LKA,2012,7.63,74.2,4.0,3.0,28064.3278,3.610000038,3350.521876,366.97341075
173,Sri Lanka,LKA,2014,8.42,73.5,4.0,3.0,32617.890499999998,3.6900000332999996,3819.25353,421.9983151
174,Sweden,SWE,2012,5.6,73.8,4.0,4.0,8014.2,4.4599999903,58037.82132,596.7000079
175,Sweden,SWE,2014,6.5,68.8,4.0,4.0,8611.0,3.4599999668000003,60020.36046,752.027647
176,Switzerland,CHE,2012,4.59,63.6,2.0,4.0,7526.35,4.730000019,86547.67089,382.06248038999996
177,Switzerland,CHE,2014,5.08,61.9,2.0,4.0,7780.039999999999,4.380000066500001,89684.70758,420.29514156000005
178,Thailand,THA,2012,2.94,68.7,4.0,4.0,8170.860052274998,6.4400000097,5860.581471,116.7810591222
179,Thailand,THA,2014,3.41,70.2,4.0,4.0,9785.5037921,6.280000019299999,5951.883487,116.7810591222
180,Tonga,TON,2012,7.63,64.3,4.0,4.0,25689.750500000002,3.5400000332999992,4581.783245,384.70330296000003
181,Tunisia,TUN,2012,2.82,84.5,4.0,4.0,28134.590399999997,6.409999943,4152.684394,179.50049004000002
182,Tunisia,TUN,2014,3.26,78.1,4.0,4.0,476.86,6.3000000479,4305.482357,13.304786485199998
183,Turkey,TUR,2012,4.92,80.3,5.0,5.0,23654.2,4.4299999951,11795.63346,162.062173961
184,Turkey,TUR,2014,5.63,82.2,5.0,5.0,128157.751,4.6200001241,12157.99043,1011.192284
185,Uganda,UGA,2012,1.79,44.2,2.0,4.0,15536.8891,8.5200002187,786.738711,112.01959183099999
186,Uganda,UGA,2014,2.03,40.2,2.0,4.0,21514.6291,8.9100002758,879.7349486,138.599668452
187,Ukraine,UKR,2012,1.76,59.7,4.0,3.0,2677.0,8.3600001806,3855.417729,14.846459982199999
188,Ukraine,UKR,2014,2.22,62.4,4.0,3.0,10146.0,7.7100000379999996,3104.643206,110.443358691
189,United Arab Emirates,ARE,2012,1.55,24.5,4.0,5.0,51710.172010455004,10.3000003325,40976.49075,205.082579135
190,United Arab Emirates,ARE,2014,1.82,21.1,5.0,5.0,51710.172010455004,10.3000003325,43751.80565,204.658095184
191,United Kingdom,GBR,2012,10.78,76.1,4.0,5.0,26330.75,3.400000095,42449.10767,401.393189207
192,United Kingdom,GBR,2014,11.2,81.3,4.0,5.0,25627.31,3.0,47452.19914,395.129465547
193,United States,USA,2012,6.07,42.9,2.0,5.0,22952.02,3.5,51602.93105,448.01097026300005
194,United States,USA,2014,6.07,42.9,2.0,5.0,14369.689999999999,3.200000048,55049.98833,432.63006289599997
195,Uruguay,URY,2012,3.98,69.0,4.0,5.0,22505.3113,5.7100000382000005,15171.58017,138.93279836100004
196,Uruguay,URY,2014,3.71,65.6,5.0,5.0,28608.711300000003,6.549999904799999,16831.94819,94.578680483
197,Uzbekistan,UZB,2012,1.64,32.7,4.0,3.0,21817.9891,8.9100002758,2137.025122,128.014091374
198,Uzbekistan,UZB,2014,2.31,31.1,4.0,4.0,21514.6291,8.1600001332,2492.336643,128.014091374
199,Venezuela,VEN,2012,5.95,71.0,2.0,4.0,23521.4505,4.1999999048,12986.22269,175.52933403
200,Vietnam,VNM,2012,2.49,41.6,4.0,3.0,10756.529100000002,7.160000037999998,1735.152116,103.59094440300001
201,Vietnam,VNM,2014,2.07,41.6,4.0,3.0,18049.0291,8.6100002283,2030.278447,94.83151826500001
208,Liberia,LBR,2014,1.483,17.2,2.0,3.0,177770.4753,9.700000332699998,721.1822986,1246.20061605
209,Afghanistan,AFG,2007,1.9200000000000004,21.349999999999994,4.0,3.0,152912.07529999997,9.700000332699998,359.6931579,1246.20061605
210,Afghanistan,AFG,2010,1.152,60.64,4.0,3.0,1016.727287174,8.3600001806,543.3029674,31.019541725399996
211,Afghanistan,AFG,2012,1.9189999999999998,44.85000000000001,4.0,3.0,11105.489100000003,8.5200002187,641.871438,137.818767577
212,Afghanistan,AFG,2014,1.9130000000000003,44.85000000000001,4.0,3.0,11105.489100000003,8.5200002187,613.8565052,137.818767577
213,Albania,ALB,2007,2.482,67.89,5.0,2.0,13974.969099999998,6.7499999524000005,3595.037163,109.88245353299999
214,Albania,ALB,2010,1.9149999999999998,21.85,5.0,3.0,48597.429099999994,9.7100003231,4094.350334,111.32955715199998
215,Albania,ALB,2012,2.841,73.94,5.0,4.0,17591.315092099998,6.300000000199999,4247.629984,111.79782879499999
216,Albania,ALB,2014,2.84,73.94,5.0,4.0,17591.315092099998,6.300000000199999,4578.631994,111.79782879499999
217,Algeria,DZA,2007,1.982,59.989999999999995,4.0,3.0,7734.0,8.3600001806,3950.51426,110.443358691
218,Algeria,DZA,2010,1.973,54.94999999999999,4.0,3.0,8273.0,8.3600001806,4480.787439,110.443358691
219,Andorra,AND,2007,7.958,53.50999999999999,2.0,4.0,20601.83,3.1700000286,47804.84993,359.455947337
220,Andorra,AND,2010,7.888,57.83999999999999,2.0,4.0,20893.0178,3.1300000667,40850.24814,359.455947337
221,Andorra,AND,2012,6.9860000000000015,57.61999999999999,2.0,4.0,20893.0178,3.2500000477,38686.46126,356.324085507
222,Andorra,AND,2014,7.0409999999999995,57.61999999999999,2.0,4.0,20601.83,3.2500000477,41303.92937,356.324085507
223,Angola,AGO,2007,2.3329999999999997,57.529999999999994,2.0,3.0,7979.360000000001,7.309999990500001,3121.996085,110.443358691
224,Angola,AGO,2010,2.457,63.010000000000005,2.0,3.0,346.93999999999994,6.609999942799999,3587.883645,11.4659409031
225,Angola,AGO,2012,4.583,63.75,2.0,3.0,13526.289999999999,4.6300001145000005,5100.097027,110.76439578899999
226,Angola,AGO,2014,2.3819999999999997,46.69999999999999,2.0,3.0,1565.75,7.4700000285999995,5408.4117,16.697383693200003
227,Antigua and Barbuda,ATG,2007,2.763,61.510000000000005,2.0,3.0,19838.3,6.479999875899999,15622.69287,139.69335411519998
228,Antigua and Barbuda,ATG,2010,2.646,60.379999999999995,2.0,3.0,18606.9,6.479999875899999,13048.96058,106.82602664219999
229,Antigua and Barbuda,ATG,2012,2.646,60.379999999999995,2.0,3.0,18778.7,6.479999875899999,13272.73494,106.82602664219999
230,Antigua and Barbuda,ATG,2014,2.646,60.379999999999995,2.0,3.0,18547.2,6.479999875899999,13501.58092,106.82602664219999
231,Argentina,ARG,2007,2.713,61.760000000000005,2.0,4.0,643.204,6.3699999809,7245.446857,11.308027410700001
232,Argentina,ARG,2010,4.377,62.629999999999995,2.0,4.0,642.504,4.7700000285,10385.96443,8.1094817294
233,Armenia,ARM,2007,2.3329999999999997,57.529999999999994,2.0,3.0,7979.360000000001,7.309999990500001,3139.28071,110.443358691
234,Armenia,ARM,2010,2.3329999999999997,57.529999999999994,2.0,3.0,7979.360000000001,7.309999990500001,3218.378299,110.443358691
235,Australia,AUS,2007,5.784000000000001,74.71000000000001,4.0,5.0,32743.96,4.099999905,40960.05449,321.37129830000003
236,Australia,AUS,2010,6.128,70.57999999999998,4.0,5.0,30901.74,4.0,52022.1256,559.31235736
237,Austria,AUT,2007,4.588000000000001,73.37,4.0,4.0,4.2,4.930000066700001,46855.77175,0.1698462894
238,Austria,AUT,2010,4.588000000000001,73.37,4.0,4.0,4.2,4.930000066700001,46858.04327,0.1698462894
239,Azerbaijan,AZE,2007,3.258,68.97999999999999,4.0,2.0,1038.8,6.3400000097,3851.437869,1.048799709
240,Azerbaijan,AZE,2010,2.978,64.52000000000001,4.0,3.0,2027.0,6.519999981000001,5843.533768,6.104809614
241,Bahamas,BHS,2007,2.682,59.2,2.0,3.0,18745.7,6.949999952099999,31472.28554,109.34993455419999
242,Bahamas,BHS,2010,2.682,59.489999999999995,2.0,3.0,24959.623906505,6.939999961699999,28443.88848,159.26148457
243,Bahamas,BHS,2012,2.747,60.80999999999999,2.0,4.0,482.09399999999994,6.8700000285,29485.86422,11.308027410700001
244,Bahrain,BHR,2007,3.3369999999999997,64.31,2.0,5.0,23058.8113,6.629999875999999,20976.44229,83.5244202582
245,Bahrain,BHR,2010,4.600999999999999,72.4,4.0,5.0,22487.511300000002,5.2499999999,20722.07049,138.93279836100004
246,Bahrain,BHR,2012,4.5200000000000005,70.66999999999999,5.0,4.0,18013.366100000003,5.4100000381,23654.36959,107.39186051699998
247,Bahrain,BHR,2014,4.5200000000000005,72.16,5.0,4.0,18013.366100000003,5.3999999998999995,24989.43753,107.39186051699998
248,Bangladesh,BGD,2007,1.1989999999999998,44.01,4.0,3.0,1090.5217308009996,8.5200002187,558.0518407,29.309175438599993
249,Bangladesh,BGD,2010,1.152,61.21999999999999,4.0,3.0,849.125330781,8.3600001806,781.1535777,41.225211497099984
250,Barbados,BRB,2007,2.8930000000000002,61.510000000000005,2.0,3.0,13107.751896050002,6.3299999714,16770.66103,107.5685415422
251,Barbados,BRB,2010,2.787,61.510000000000005,2.0,3.0,13107.751896050002,6.3499999523,16056.37098,107.5685415422
252,Barbados,BRB,2012,4.417,63.36,2.0,4.0,904.258,5.000000095200001,16249.67395,8.769731892100001
253,Barbados,BRB,2014,4.417,63.36,2.0,4.0,904.258,5.000000095200001,16489.07224,8.769731892100001
254,Belarus,BLR,2007,2.4829999999999997,63.660000000000004,4.0,4.0,1310.0788924,6.819999980899999,4735.657608,20.316365525000002
255,Belarus,BLR,2010,2.149,37.61,4.0,4.0,9322.74,8.6600002759,6029.3968,101.04641171619998
256,Belgium,BEL,2007,4.276999999999999,70.91,4.0,5.0,28360.21,6.0,44262.896,236.70043368300003
257,Belgium,BEL,2010,3.779,70.71000000000001,4.0,4.0,410.8,6.300000191,44141.87814,5.2499626139
258,Belize,BLZ,2007,2.4839999999999995,63.010000000000005,2.0,3.0,445.76000000000005,6.609999942799999,4252.395386,11.4659409031
259,Belize,BLZ,2010,2.4839999999999995,63.010000000000005,2.0,3.0,445.76000000000005,6.609999942799999,4270.780031,11.4659409031
260,Belize,BLZ,2012,2.4839999999999995,62.36,2.0,3.0,736.204,6.609999942799999,4505.600593,14.685643987
261,Benin,BEN,2007,1.152,61.21999999999999,4.0,3.0,1468.7435767939996,8.3600001806,966.203581,42.838826611799995
262,Benin,BEN,2010,1.1389999999999998,62.65,4.0,3.0,1251.8795767939998,8.3600001806,1036.534594,43.184617660799994
263,Benin,BEN,2012,1.0979999999999999,62.77,4.0,3.0,1687.7915331870001,8.3600001806,1145.140019,43.184617660799994
264,Benin,BEN,2014,1.124,63.089999999999996,4.0,4.0,1660.8605359870003,8.3600001806,1291.410107,42.571603881
265,Bhutan,BTN,2007,2.1379999999999995,21.67,2.0,2.0,45775.329099999995,9.4100002756,1757.190496,113.228268096
266,Bhutan,BTN,2010,2.069,21.85,4.0,2.0,45775.329099999995,9.4100002756,2258.186435,113.228268096
267,Bhutan,BTN,2012,1.943,21.85,4.0,2.0,45863.0891,9.7100003231,2538.949519,111.32955715199998
268,Bhutan,BTN,2014,2.178,61.86,4.0,4.0,1529.2728923999998,7.810000133199999,2652.225654,25.2697993553
269,Bolivia,BOL,2007,1.151,62.470000000000006,4.0,3.0,1251.8795767939998,8.3600001806,1372.628368,43.184617660799994
270,Bolivia,BOL,2010,2.222,67.03999999999999,4.0,3.0,16843.11189605,7.7100000379999996,1955.460181,101.43401475300001
271,Bosnia and Herzegovina,BIH,2007,3.124,68.77000000000001,4.0,3.0,548.94,6.4700000286999995,4193.36808,6.648334337900001
272,Bosnia and Herzegovina,BIH,2010,3.31,72.06,4.0,3.0,821.1207,6.3000000479,4635.510273,5.8280934347
273,Botswana,BWA,2007,3.3019999999999996,70.85,4.0,3.0,821.1207,6.3200000764999995,5832.737052,1.8019798239000004
274,Botswana,BWA,2010,3.289,70.85,4.0,3.0,515.74,6.3200000764999995,6434.812485,1.9068493963000006
275,Botswana,BWA,2012,3.289,68.88000000000001,4.0,3.0,535.86,6.450000047800001,7050.573472,2.6608772172000004
276,Botswana,BWA,2014,2.8970000000000002,66.0,4.0,3.0,19047.9,6.6199998856999995,7780.634758,119.2257161842
277,Brazil,BRA,2007,1.7449999999999999,12.590000000000002,4.0,5.0,72033.0,9.7100003231,7348.030716,51.45720356
278,Brazil,BRA,2010,1.522,12.72,4.0,5.0,81640.0,9.7100003231,11286.2429,55.70204307
279,Brunei,BRN,2007,4.456999999999999,73.37,4.0,4.0,204.8,5.240000104800001,32663.39237,5.145082643
280,Brunei,BRN,2010,5.439,75.60999999999999,4.0,4.0,25389.09,4.2499999046,35270.64214,277.16589715
281,Brunei,BRN,2012,7.606,72.94999999999999,4.0,4.0,24670.8627,3.2900000571,47739.55769,427.38684457700003
282,Brunei,BRN,2014,5.259,75.28,4.0,5.0,31494.159999999996,4.0999999522,41725.86752,314.29677371
283,Bulgaria,BGR,2007,2.086,41.08,4.0,4.0,42987.0,8.100000381,5885.104348,120.3596795
284,Bulgaria,BGR,2010,2.8770000000000002,72.69000000000001,4.0,4.0,38640.0,6.599999905,6812.406338,167.8634079
285,Burkina Faso,BFA,2007,1.9949999999999999,65.87,4.0,3.0,748.20359998,8.3600001806,535.0622795,95.9788869749
286,Burkina Faso,BFA,2010,2.096,67.03999999999999,4.0,3.0,15551.123906505,8.0600001331,647.8360955,142.679097657
287,Burkina Faso,BFA,2012,1.9949999999999999,67.61,4.0,3.0,166.1607,8.3600001806,758.000427,39.41073845809999
288,Burkina Faso,BFA,2014,1.77,64.28999999999999,4.0,4.0,551.4656435869999,8.3600001806,792.8462374,39.62067807839999
289,Burundi,BDI,2007,1.779,20.179999999999996,2.0,2.0,162955.02529999998,9.700000332699998,172.4955966,1246.20061605
290,Burundi,BDI,2010,1.779,20.179999999999996,2.0,2.0,162955.02529999998,9.700000332699998,234.2355325,1246.20061605
291,Burundi,BDI,2012,1.779,20.179999999999996,2.0,2.0,162955.02529999998,9.700000332699998,252.3588663,1246.20061605
292,Cambodia,KHM,2007,1.8990000000000002,21.159999999999993,2.0,3.0,45863.0891,9.7100003231,631.5252576,111.32955715199998
293,Cambodia,KHM,2010,1.7999999999999994,30.55,2.0,3.0,21823.4291,9.1600002757,785.5026671,138.599668452
294,Cameroon,CMR,2007,1.07,61.79,4.0,3.0,1703.2335767939996,8.3600001806,1195.649211,42.838826611799995
295,Cameroon,CMR,2010,1.083,61.79,4.0,3.0,1703.2335767939996,8.3600001806,1286.515888,42.838826611799995
296,Canada,CAN,2007,7.1450000000000005,56.209999999999994,2.0,3.0,20601.83,3.200000048,44659.89514,359.455947337
297,Canada,CAN,2010,6.2909999999999995,73.83,4.0,5.0,27406.26,3.5,47562.08343,388.985424157
298,Cape Verde,CPV,2007,2.4799999999999995,60.94,2.0,4.0,1392.922,6.6599999904,3186.779935,23.1855022423
299,Cape Verde,CPV,2010,2.4799999999999995,60.94,2.0,4.0,1422.426,6.6599999904,3378.323433,23.1855022423
300,Cape Verde,CPV,2012,2.4799999999999995,60.94,2.0,4.0,1422.426,6.6599999904,3447.4831,23.1855022423
301,Cape Verde,CPV,2014,2.683,60.94,2.0,4.0,1422.426,6.3699999809,3588.625584,18.466067618300002
302,Central African Republic,CAF,2007,1.8990000000000002,21.539999999999996,2.0,3.0,45863.0891,9.7100003231,404.3745429,111.32955715199998
303,Central African Republic,CAF,2010,1.8990000000000002,21.159999999999993,2.0,3.0,45863.0891,9.7100003231,488.4217731,111.32955715199998
304,Central African Republic,CAF,2012,1.8990000000000002,21.159999999999993,2.0,3.0,45863.0891,9.7100003231,565.8011645,111.32955715199998
305,Central African Republic,CAF,2014,1.8990000000000002,21.159999999999993,2.0,3.0,45863.0891,9.7100003231,424.449106,111.32955715199998
306,Chad,TCD,2007,1.652,21.419999999999995,3.0,2.0,171774.27529999998,9.700000332699998,799.603742,1246.20061605
307,Chad,TCD,2010,1.8639999999999994,21.939999999999998,5.0,2.0,48597.429099999994,9.7100003231,892.5688697,111.32955715199998
308,Chad,TCD,2012,2.0729999999999995,69.28,5.0,3.0,21811.411896049998,8.0000001427,967.3529488,150.28885512
309,Chad,TCD,2014,2.0729999999999995,70.46000000000001,5.0,3.0,21811.411896049998,7.9800001618,1020.287979,150.28885512
310,Chile,CHL,2007,4.333,61.970000000000006,4.0,3.0,753.948,4.8400000094,10502.35071,9.389520364500001
311,Chile,CHL,2010,2.883,67.94,4.0,3.0,19161.1,6.6199998856999995,12808.03834,147.99324384719995
312,China,CHN,2007,2.967,72.33000000000001,4.0,3.0,335.86,6.3200000288,2693.970063,5.9232304096
313,China,CHN,2010,3.431,72.06,4.0,3.0,438.3407,6.3000000479,4550.453108,5.8280934347
314,Colombia,COL,2007,2.437,61.5,2.0,3.0,607.088,6.609999942799999,4714.073055,14.685643987
315,Colombia,COL,2010,3.077,71.33,5.0,3.0,15902.403792099998,6.320000028799999,6336.709474,107.7717151842
316,Comoros,COM,2007,1.652,23.750000000000004,2.0,2.0,171774.27529999998,9.700000332699998,1240.092528,1246.20061605
317,Comoros,COM,2010,1.8089999999999997,30.55,4.0,2.0,21823.4291,9.1600002757,1316.491225,138.599668452
318,Comoros,COM,2012,1.6649999999999998,24.000000000000004,2.0,2.0,171774.27529999998,9.700000332699998,1403.360421,1246.20061605
319,Congo,COG,2007,2.532,69.04,4.0,3.0,166.1607,6.4799999715,2262.85441,8.3743933435
320,Congo,COG,2010,2.161,62.220000000000006,4.0,4.0,1202.6619999999998,7.810000133199999,3073.557784,19.7176461355
321,Congo,COG,2012,2.6700000000000004,69.4,4.0,4.0,27318.0,6.439999914299999,3923.093509,171.74468324000003
322,Congo,COG,2014,2.7039999999999997,76.74,4.0,4.0,19169.975802555,6.389999962199999,3776.485568,124.05529929699999
323,Costa Rica,CRI,2007,2.713,60.94,2.0,4.0,572.524,6.3699999809,6103.741917,11.308027410700001
324,Costa Rica,CRI,2010,3.2980000000000005,63.75,2.0,4.0,509.13,6.5000000001,8227.127494,7.6707184079
325,Costa Rica,CRI,2012,4.610000000000001,71.62,4.0,4.0,18214.772010455003,4.7400001049,10075.00462,107.862438791
326,Cote d'Ivoire,CIV,2007,1.7999999999999994,30.55,2.0,3.0,21937.8291,9.1600002757,1062.556918,138.599668452
327,Cote d'Ivoire,CIV,2010,1.7899999999999998,30.55,2.0,3.0,21937.8291,9.1600002757,1213.113,138.599668452
328,Cote d'Ivoire,CIV,2012,1.7899999999999998,30.55,2.0,3.0,21937.8291,9.1600002757,1243.273487,138.599668452
329,Cote d'Ivoire,CIV,2014,2.439,58.57000000000001,2.0,4.0,1723.9395331869996,6.6599999904,1561.464413,47.1378757113
330,Croatia,HRV,2007,3.1409999999999996,65.46,4.0,3.0,12296.0,6.5,13937.44839,107.81845934219999
331,Croatia,HRV,2010,4.529000000000001,71.25999999999999,4.0,4.0,12529.0,4.900000095,13949.3265,108.188486474
332,Cuba,CUB,2007,2.584,62.92,2.0,4.0,0.0,6.3699999809,5208.718388,3.2709934342
333,Cuba,CUB,2010,2.659,46.64999999999999,2.0,4.0,0.0,6.530000018999999,5730.354264,8.193891625499997
334,Cuba,CUB,2012,2.659,45.64999999999999,2.0,4.0,0.0,6.530000018999999,6497.314764,8.193891625499997
335,Cuba,CUB,2014,2.71,50.43,2.0,4.0,0.0,6.530000018999999,7133.337679,8.193891625499997
336,Cyprus,CYP,2007,4.602,77.17,4.0,4.0,0.0,4.7400000571000005,31244.92622,0.0
337,Cyprus,CYP,2010,5.575000000000001,75.43,4.0,4.0,15401.113000000001,4.2900000572,31023.63833,116.226121194
338,Czechia,CZE,2007,2.7079999999999997,63.92999999999999,4.0,3.0,22235.2,6.699999809,18466.54793,144.93654325519998
339,Czechia,CZE,2010,4.521999999999999,74.77000000000001,4.0,4.0,4534.129343607,5.5,19960.06849,86.60788616299999
340,Democratic Republic of Congo,COD,2007,1.7869999999999997,20.349999999999994,3.0,3.0,162955.02529999998,9.700000332699998,286.3304725,1246.20061605
341,Democratic Republic of Congo,COD,2010,1.7869999999999997,20.349999999999994,3.0,3.0,178574.7,9.700000332699998,334.0215777,1246.20061605
342,Democratic Republic of Congo,COD,2012,1.8990000000000002,21.159999999999993,3.0,3.0,45863.0891,9.7100003231,424.6003738,111.32955715199998
343,Democratic Republic of Congo,COD,2014,1.8990000000000002,21.159999999999993,3.0,3.0,45863.0891,9.7100003231,486.7870951,111.32955715199998
344,Denmark,DNK,2007,4.4849999999999985,71.7,4.0,4.0,3362.691,5.599999905,58487.05497,116.7314332
345,Denmark,DNK,2010,4.482999999999999,70.17,4.0,4.0,4200.0,5.400000095,58041.39844,130.2845357
346,Djibouti,DJI,2007,1.6619999999999997,56.73,5.0,3.0,21250.791896050003,8.310000132999999,1052.719117,145.20216494
347,Djibouti,DJI,2010,1.6619999999999997,56.73,5.0,3.0,21250.791896050003,8.310000132999999,1343.275125,145.20216494
348,Djibouti,DJI,2012,2.2819999999999996,70.46000000000001,5.0,3.0,21877.651896050003,7.5800000191,1559.240651,150.28885512
349,Djibouti,DJI,2014,2.2969999999999997,70.05,5.0,3.0,27978.3,7.5800000191,2464.297678,160.83113931000003
350,Dominica,DMA,2007,4.574,59.42999999999999,2.0,3.0,908.608,4.6099999902,5951.863413,7.5281122159
351,Dominica,DMA,2010,4.574,60.25,2.0,3.0,908.608,4.6099999902,6967.364955,7.5667791045
352,Dominica,DMA,2012,4.574,59.42999999999999,2.0,3.0,908.608,4.6099999902,6849.455933,7.5667791045
353,Dominica,DMA,2014,4.574,60.25,2.0,3.0,908.608,4.6099999902,7317.486143,7.5667791045
354,Dominican Republic,DOM,2007,4.162,61.769999999999996,2.0,3.0,1821.134,5.159999990299999,4707.795052,12.963819768800002
355,Dominican Republic,DOM,2010,2.518,56.35000000000001,2.0,3.0,17512.2,6.519999933199999,5555.392014,104.80273535619999
356,Ecuador,ECU,2007,4.188999999999999,61.769999999999996,2.0,3.0,2322.04,5.159999990299999,3567.837186,8.381166
357,Ecuador,ECU,2010,2.6390000000000002,60.94,2.0,4.0,2204.64,6.3699999809,4633.591284,9.10681
358,Egypt,EGY,2007,2.1990000000000003,57.169999999999995,4.0,4.0,4280.418043607,7.7100000379999996,1667.317998,46.773346127
359,Egypt,EGY,2010,2.967,72.78,4.0,4.0,2.1,6.3200000288,2645.968759,0.46988210659999996
360,El Salvador,SLV,2007,2.46,60.94,2.0,4.0,1422.426,6.6599999904,2786.157922,23.798553155300002
361,El Salvador,SLV,2010,2.46,60.94,2.0,4.0,1422.426,6.6599999904,2983.228806,23.798553155300002
362,El Salvador,SLV,2012,2.129,62.15999999999999,4.0,5.0,26450.6,8.0600001331,3428.409332,87.32646964000001
363,El Salvador,SLV,2014,2.552,65.97999999999999,4.0,5.0,26450.6,6.769999933299999,3589.041296,87.32646964000001
364,Equatorial Guinea,GNQ,2007,2.573,21.2,2.0,2.0,48197.072010455,7.7300000664,15908.41119,141.82930879600002
365,Equatorial Guinea,GNQ,2010,2.573,21.2,2.0,2.0,48197.072010455,7.7300000664,17288.8426,141.82930879600002
366,Equatorial Guinea,GNQ,2012,2.573,21.65,2.0,2.0,48197.072010455,7.7300000664,21711.15159,141.82930879600002
367,Equatorial Guinea,GNQ,2014,2.573,21.65,2.0,2.0,48197.072010455,7.7300000664,19394.08066,141.82930879600002
368,Eritrea,ERI,2007,1.796,21.349999999999994,5.0,2.0,186520.35,9.700000332699998,439.8321034,1246.20061605
369,Eritrea,ERI,2010,1.796,21.349999999999994,5.0,2.0,186520.35,9.700000332699998,501.355317,1246.20061605
370,Estonia,EST,2007,4.323,67.55,4.0,3.0,103.88,5.300000191,16744.58445,6.087898448300001
371,Estonia,EST,2010,4.4719999999999995,69.07000000000001,4.0,3.0,14252.48,4.800000191,14663.04461,107.44597157399998
372,Eswatini,SWZ,2007,2.4799999999999995,60.94,2.0,4.0,1422.6259999999997,6.6599999904,3327.445066,22.101418042300004
373,Eswatini,SWZ,2010,2.686,60.94,2.0,4.0,1410.886,6.3699999809,4168.489518,18.5386320183
374,Eswatini,SWZ,2012,2.686,60.94,2.0,4.0,1143.886,6.3699999809,4527.681573,14.422080761500002
375,Eswatini,SWZ,2014,3.076,78.19,4.0,4.0,11804.0150921,6.300000000199999,4038.55354,127.02002084699998
376,Ethiopia,ETH,2007,1.779,20.349999999999994,2.0,2.0,178574.7,9.700000332699998,244.2860523,1246.20061605
377,Ethiopia,ETH,2010,1.7869999999999997,20.349999999999994,2.0,3.0,178574.7,9.700000332699998,341.5541227,1246.20061605
378,Ethiopia,ETH,2012,1.0829999999999997,57.879999999999995,4.0,4.0,12020.751896049998,8.310000132999999,467.0778718,110.98644043299998
379,Fiji,FJI,2007,2.15,30.400000000000006,4.0,2.0,35679.5,8.8600002282,4040.152119,129.86042518000002
380,Fiji,FJI,2010,2.152,30.400000000000006,4.0,2.0,35679.5,8.8600002282,3652.535933,129.86042518000002
381,Finland,FIN,2007,5.043,76.79,4.0,4.0,0.0,3.900000095,48414.84509,0.0
382,Finland,FIN,2010,4.576,76.41999999999999,4.0,4.0,1.0,5.1000000477,46459.97325,0.0
383,France,FRA,2007,6.383,74.48999999999998,4.0,4.0,22183.0,3.5,41508.43269,338.59419329699995
384,France,FRA,2010,6.383,74.48999999999998,4.0,4.0,22474.187800000003,3.5,40638.33525,338.59419329699995
385,Gabon,GAB,2007,5.0,62.19,2.0,3.0,1155.1419999999998,4.1899999617,8458.309179,6.9697060315
386,Gabon,GAB,2010,5.0,62.2,2.0,3.0,1155.1419999999998,4.1899999617,8849.322608,6.9697060315
387,Gabon,GAB,2012,5.0,62.2,2.0,3.0,1155.1419999999998,4.1899999617,9813.505747,6.9697060315
388,Gabon,GAB,2014,4.571000000000001,68.01,4.0,3.0,13494.779999999999,4.620000124100001,9663.42411,107.862438791
389,Gambia,GMB,2007,1.8189999999999997,30.55,4.0,2.0,21937.8291,9.1600002757,780.3810509,138.599668452
390,Gambia,GMB,2010,1.8189999999999997,30.55,4.0,2.0,21937.8291,9.1600002757,860.6364339,138.599668452
391,Gambia,GMB,2012,1.9009999999999998,30.55,4.0,2.0,21937.8291,9.1600002757,742.7776286,138.599668452
392,Georgia,GEO,2007,2.2340000000000004,62.370000000000005,2.0,3.0,400.86,7.6599999904,2635.353882,15.644485949000003
393,Georgia,GEO,2010,2.254,62.36,2.0,3.0,401.06000000000006,7.6599999904,3233.295943,13.601559787000003
394,Germany,DEU,2007,5.818,69.88,3.0,4.0,31719.1,4.400000095,41587.2129,309.07475471000004
395,Germany,DEU,2010,5.617000000000001,74.59,4.0,4.0,23965.46,4.199999809,41531.9342,326.11993644999995
396,Ghana,GHA,2007,1.7999999999999994,30.55,2.0,3.0,21937.8291,9.1600002757,1081.166318,138.599668452
397,Ghana,GHA,2010,1.7899999999999998,30.55,2.0,3.0,21937.8291,9.1600002757,1299.345212,138.599668452
398,Greece,GRC,2007,2.0230000000000006,21.860000000000003,4.0,3.0,48197.072010455,10.60000038,28827.32639,138.651334352
399,Greece,GRC,2010,2.29,41.95,4.0,3.0,29528.7,7.599999905,26690.60742,152.43182954000002
400,Grenada,GRD,2007,4.574,60.25,2.0,3.0,734.134,4.6099999902,7212.986819,7.5667791045
401,Grenada,GRD,2010,4.574,60.25,2.0,3.0,734.134,4.6099999902,7258.166561,7.5667791045
402,Grenada,GRD,2012,4.574,60.25,2.0,3.0,734.134,4.6099999902,7444.089075,7.5667791045
403,Grenada,GRD,2014,5.0,62.19,2.0,3.0,1155.1419999999998,4.1899999617,8370.040472,6.9697060315
404,Guatemala,GTM,2007,2.46,60.94,2.0,4.0,1877.5799999999995,6.6599999904,2490.749127,19.6842871423
405,Guatemala,GTM,2010,2.46,60.94,2.0,4.0,1877.5799999999995,6.6599999904,2852.547327,19.6842871423
406,Guinea,GIN,2007,1.8699999999999997,46.230000000000004,4.0,3.0,11369.1291,8.4700001711,659.992931,137.818767577
407,Guinea,GIN,2010,1.8699999999999997,45.17,4.0,3.0,11369.1291,8.4700001711,672.4249304,135.017345087
408,Guinea,GIN,2012,2.089,67.03999999999999,5.0,3.0,20955.6037921,8.0100000855,717.0505359,148.00358742999998
409,Guinea,GIN,2014,2.089,67.03999999999999,5.0,3.0,21811.411896049998,8.0100000855,787.2385644,148.00358742999998
410,Guinea-Bissau,GNB,2007,1.779,20.349999999999994,2.0,2.0,192516.55,9.700000332699998,493.7219932,1246.20061605
411,Guinea-Bissau,GNB,2010,1.779,20.349999999999994,2.0,2.0,192516.55,9.700000332699998,558.1746681,1246.20061605
412,Guinea-Bissau,GNB,2012,1.8810000000000002,45.13,2.0,3.0,11374.5691,8.4700001711,616.375664,137.818767577
413,Guinea-Bissau,GNB,2014,1.8810000000000002,45.13,2.0,3.0,11374.5691,8.4700001711,623.3130914,137.818767577
414,Guyana,GUY,2007,2.3649999999999998,58.11999999999999,2.0,3.0,21561.5,7.2599999428999995,3658.476971,138.282876502
415,Guyana,GUY,2010,2.6390000000000002,60.94,2.0,4.0,1218.6799999999998,6.3500000000000005,4580.699136,13.616279732399999
416,Guyana,GUY,2012,2.638,62.33,2.0,4.0,868.682,6.3500000000000005,5378.81197,9.590166121600001
417,Guyana,GUY,2014,2.638,62.33,2.0,4.0,868.682,6.3500000000000005,5407.153711,9.590166121600001
418,Haiti,HTI,2007,1.1989999999999998,44.519999999999996,2.0,3.0,1074.2212871739998,8.4700001711,981.1105146,37.81771009729999
419,Haiti,HTI,2010,1.1280000000000001,44.519999999999996,2.0,3.0,1074.2212871739998,8.4700001711,1172.099015,37.81771009729999
420,Haiti,HTI,2012,1.1280000000000001,44.519999999999996,2.0,3.0,1074.2212871739998,8.4700001711,1337.336475,37.81771009729999
421,Haiti,HTI,2014,1.2320000000000002,44.519999999999996,2.0,3.0,1074.2212871739998,8.4700001711,1402.100289,37.81771009729999
422,Honduras,HND,2007,2.222,60.39,2.0,3.0,860.31159998,7.6599999904,1583.047451,41.225211497099984
423,Honduras,HND,2010,2.429,47.459999999999994,4.0,3.0,1421.470087214,7.239999961999999,1904.347152,20.104885093
424,Hungary,HUN,2007,2.915,65.46,4.0,3.0,22522.64402091,6.599999905,13918.96019,143.6572797552
425,Hungary,HUN,2010,3.338,72.4,4.0,4.0,9274.0,6.099999905,13191.62126,117.9306945
426,Iceland,ISL,2007,6.797,63.98,4.0,3.0,8540.130000000001,3.599999905,69495.72674,505.89736888
427,Iceland,ISL,2010,8.519,68.79999999999998,4.0,3.0,21408.420000000002,2.900000095,43237.07295,359.36557569400003
428,India,IND,2007,1.1030000000000002,55.69999999999999,4.0,3.0,7603.6,8.310000132999999,1028.334772,121.02893576900001
429,India,IND,2010,1.136,55.69999999999999,4.0,3.0,7032.083599980001,8.310000132999999,1357.563727,121.02893576900001
430,Indonesia,IDN,2007,2.2340000000000004,60.39,2.0,3.0,1090.8919999999998,7.6599999904,1860.002811,13.601559787000003
431,Indonesia,IDN,2010,3.979,61.769999999999996,2.0,3.0,1677.6100000000001,5.6299999714,3122.362673,17.583794852800004
432,Iran,IRN,2007,2.933,70.26,5.0,5.0,21460.703792099997,6.429999971599999,4904.666183,88.04529789
433,Iran,IRN,2010,2.248,60.56,5.0,5.0,28947.9,7.7100000379999996,6599.660938,93.16342958300001
434,Iraq,IRQ,2007,2.033,54.09999999999999,4.0,3.0,6968.24,8.310000132999999,3182.841351,109.359274491
435,Iraq,IRQ,2010,2.13,58.14999999999999,4.0,3.0,7680.2891,8.0100000855,4657.280269,109.359274491
436,Iraq,IRQ,2012,4.7860000000000005,68.1,4.0,3.0,229.58070000000004,4.7799999713000005,6836.073995,2.4424263267999997
437,Iraq,IRQ,2014,3.1439999999999997,67.06,4.0,4.0,649.6306999999999,6.4900000097,6637.684375,5.6571910902
438,Ireland,IRL,2007,5.4670000000000005,69.14999999999999,4.0,5.0,14184.9,4.400000095,61318.46603,424.63941165000006
439,Ireland,IRL,2010,7.421000000000001,71.74999999999999,4.0,5.0,27406.26,3.400000095,48607.94052,432.22560039699994
440,Israel,ISR,2007,5.485,66.87,2.0,4.0,14507.1113,4.300000191,24939.4618,104.85407590099999
441,Israel,ISR,2010,5.821,67.99000000000001,2.0,5.0,21903.0548,4.099999905,30694.16768,144.887605608
442,Israel,ISR,2012,5.290000000000001,63.85,2.0,5.0,24417.887,3.900000095,32510.3453,152.96239867700004
443,Italy,ITA,2007,4.7989999999999995,73.50999999999999,4.0,4.0,27980.940000000002,5.0,37822.66524,291.15862914
444,Italy,ITA,2010,4.714999999999999,74.64,4.0,4.0,25389.09,4.699999809,36000.52012,269.31194466
445,Jamaica,JAM,2007,2.629,57.81,2.0,4.0,4994.04,6.3299999714,4623.747897,55.705841403
446,Jamaica,JAM,2010,2.6390000000000002,60.94,2.0,4.0,1218.6799999999998,6.3500000000000005,4704.04776,13.616279732399999
447,Japan,JPN,2007,2.5780000000000003,63.330000000000005,2.0,4.0,2.0,6.5,35779.02454,0.849231447
448,Japan,JPN,2010,4.197,65.04999999999998,2.0,4.0,36.0,5.300000191,44968.15623,18.2274126
449,Jordan,JOR,2007,2.239,61.86,4.0,4.0,1868.7615923999997,7.7100000379999996,2735.378767,19.9988847423
450,Jordan,JOR,2010,2.987,75.29,4.0,4.0,11804.0150921,6.280000019299999,3736.645462,127.02002084699998
451,Jordan,JOR,2012,2.987,75.29,4.0,4.0,11804.0150921,6.280000019299999,3910.346894,127.02002084699998
452,Jordan,JOR,2014,3.0310000000000006,72.81000000000002,4.0,4.0,11672.703792100001,6.280000019299999,4131.44735,120.557254933
453,Kazakhstan,KAZ,2007,2.338,59.279999999999994,4.0,4.0,4247.0,7.309999990499999,6771.414797,44.2233028624
454,Kazakhstan,KAZ,2010,3.311,67.07000000000001,4.0,4.0,1240.0,6.4700000287999995,9070.488253,5.5523111193000005
455,Kenya,KEN,2007,1.8829999999999998,70.34,5.0,3.0,0.007,8.2300001617,825.666555,0.000103985
456,Kenya,KEN,2010,2.037,66.94,5.0,3.0,21811.411896049998,8.310000132999999,951.68778,148.00358742999998
457,Kiribati,KIR,2007,1.164,59.21,2.0,3.0,1139.9992203809993,8.310000132999999,1374.395199,41.10016110779999
458,Kiribati,KIR,2010,1.682,58.339999999999996,2.0,3.0,1139.6536640079994,8.310000132999999,1516.76766,41.10016110779999
459,Kiribati,KIR,2012,1.8920000000000001,21.81,2.0,2.0,173654.35,9.700000332699998,1788.690394,1177.27494225
460,Kiribati,KIR,2014,1.934,59.379999999999995,5.0,3.0,21228.911896049998,8.310000132999999,1642.822669,145.20216494
461,Kuwait,KWT,2007,7.258,74.60999999999999,4.0,4.0,22183.0,3.340000057,45782.14857,341.707475627
462,Kuwait,KWT,2010,4.688999999999998,73.35999999999999,4.0,4.0,27980.940000000002,5.1499999523,38577.49828,291.15862914
463,Kuwait,KWT,2012,5.683000000000001,71.21,4.0,5.0,30070.530000000006,4.3400000094,51979.12069,450.87556478000005
464,Kuwait,KWT,2014,4.799999999999999,74.11,4.0,5.0,30784.559999999998,5.0599999427,44062.34091,304.34144819000005
465,Kyrgyzstan,KGZ,2007,1.116,58.39,2.0,3.0,8184.4,8.310000132999999,721.7686908,108.6607679574
466,Kyrgyzstan,KGZ,2010,1.1179999999999999,57.08,4.0,3.0,8611.6,8.310000132999999,880.0377751,121.02893576900001
467,Kyrgyzstan,KGZ,2012,1.0219999999999998,57.19,4.0,4.0,4371.9,8.310000132999999,1177.974735,58.44300740499999
468,Kyrgyzstan,KGZ,2014,1.032,56.40999999999999,4.0,4.0,5731.4,8.310000132999999,1279.769783,68.938233855
469,Laos,LAO,2007,1.1179999999999999,57.08,4.0,3.0,7452.11189605,8.310000132999999,710.3445761,110.97045528700001
470,Laos,LAO,2010,1.1030000000000002,56.39999999999999,4.0,3.0,7542.8,8.310000132999999,1140.598657,121.02893576900001
471,Laos,LAO,2012,2.4189999999999996,59.91000000000001,4.0,3.0,1796.3155331869998,7.079999923899999,1581.39614,41.05743359979999
472,Laos,LAO,2014,2.165,53.3,4.0,2.0,6824.38,7.7100000379999996,1998.333108,109.359274491
473,Latvia,LVA,2007,4.4719999999999995,69.07000000000001,4.0,3.0,14252.48,4.800000191,14091.04765,106.07633643099999
474,Latvia,LVA,2010,8.546000000000001,66.25,4.0,4.0,21664.2878,2.700000048,11379.79806,293.839848794
475,Lebanon,LBN,2007,4.694999999999999,59.95,2.0,4.0,577.3,4.969999933,5207.792723,10.863313813100001
476,Lebanon,LBN,2010,4.781999999999999,63.35999999999999,2.0,4.0,642.854,4.7199999331,7761.641489,8.413742387400001
477,Lesotho,LSO,2007,1.027,58.669999999999995,2.0,3.0,1575.5656204009995,8.310000132999999,846.5423208,42.838826611799995
478,Lesotho,LSO,2010,1.1520000000000001,59.589999999999996,2.0,4.0,5183.443599980001,8.310000132999999,1119.843641,68.27675033199999
479,Lesotho,LSO,2012,1.165,59.589999999999996,2.0,4.0,5183.443599980001,8.310000132999999,1229.636232,68.27675033199999
480,Lesotho,LSO,2014,1.1520000000000001,59.589999999999996,2.0,4.0,5183.443599980001,8.310000132999999,1194.575627,68.27675033199999
481,Liberia,LBR,2007,1.027,58.35,2.0,3.0,5227.5720436070005,8.310000132999999,396.6017613,65.3432926898
482,Liberia,LBR,2010,1.2229999999999999,59.61,2.0,3.0,833.757374388,8.310000132999999,513.4455667,28.0973021792
483,Liberia,LBR,2012,1.1989999999999998,53.81,2.0,3.0,4122.8511999600005,8.310000132999999,657.9357791,55.3647003108
484,Libya,LBY,2007,2.62,63.989999999999995,4.0,2.0,18663.0,6.6599998473,11300.19323,102.23404850120001
485,Libya,LBY,2010,3.075,65.94999999999999,5.0,3.0,14189.5091,6.489999961999999,12064.77291,100.4526554892
486,Libya,LBY,2012,4.5280000000000005,68.49,5.0,4.0,13494.779999999999,4.900000095400001,13025.27932,106.07633643099999
487,Libya,LBY,2014,4.877,64.33000000000001,5.0,4.0,21744.762010455,4.6099999904,6466.908237,180.109237207
488,Lithuania,LTU,2007,3.3409999999999997,71.43,4.0,4.0,0.0,6.300000191,12285.44705,0.0
489,Lithuania,LTU,2010,5.241,72.38000000000001,4.0,4.0,0.0,4.199999809,11987.50841,0.0
490,Luxembourg,LUX,2007,2.2529999999999997,63.29,4.0,2.0,6429.42189605,8.3000000474,106018.4928,138.46736866999998
491,Luxembourg,LUX,2010,8.388,66.9,4.0,4.0,8540.130000000001,3.0500000475,104965.3061,432.17466785999994
492,Madagascar,MDG,2007,1.7409999999999997,58.89999999999999,5.0,3.0,20441.663906504997,8.310000132999999,438.6555158,145.20216494
493,Madagascar,MDG,2010,1.7409999999999997,58.89999999999999,5.0,3.0,20441.663906504997,8.310000132999999,471.959197,145.20216494
494,Madagascar,MDG,2012,1.9340000000000004,21.299999999999994,5.0,3.0,48597.429099999994,9.7100003231,518.1529543,111.32955715199998
495,Madagascar,MDG,2014,1.107,58.95,5.0,3.0,4632.965330781002,8.310000132999999,530.8611206,69.696764403
496,Malawi,MWI,2007,1.9009999999999998,21.209999999999994,2.0,2.0,160236.0,9.700000332699998,332.2590946,1246.20061605
497,Malawi,MWI,2010,1.779,20.349999999999994,2.0,2.0,220198.0,9.700000332699998,478.6686885,1246.20061605
498,Malawi,MWI,2012,1.9009999999999998,20.869999999999994,2.0,2.0,151500.0,9.700000332699998,391.5617052,1246.20061605
499,Malawi,MWI,2014,1.779,20.349999999999994,2.0,2.0,191967.5,9.700000332699998,371.2695217,1246.20061605
500,Malaysia,MYS,2007,4.895999999999999,70.38,4.0,4.0,15097.372010455001,4.55,7243.456801,115.42439698599999
501,Malaysia,MYS,2010,5.694000000000001,69.76,4.0,4.0,32944.81,4.269999980900001,9040.568495,219.84652
502,Maldives,MDV,2007,4.9719999999999995,59.660000000000004,4.0,3.0,1009.5339999999999,4.2699999331,5574.401981,9.152271716600001
503,Maldives,MDV,2010,4.738000000000001,63.82000000000001,5.0,3.0,13200.789999999999,4.9800000191,7076.739821,110.286862146
504,Maldives,MDV,2012,4.796000000000001,65.43,5.0,3.0,13200.789999999999,4.85,7265.723399,110.674024146
505,Maldives,MDV,2014,3.218,69.47,5.0,2.0,15902.403792099998,6.3500000001,8499.307148,100.2097569892
506,Mali,MLI,2007,1.8990000000000002,21.159999999999993,2.0,3.0,45863.0891,9.7100003231,597.4798388,111.32955715199998
507,Mali,MLI,2010,1.9189999999999998,64.35,5.0,3.0,21042.8037921,8.310000132999999,710.2742494,145.20216494
508,Mali,MLI,2012,1.1629999999999998,63.36999999999999,4.0,3.0,332.18297436800015,8.310000132999999,778.6252695,37.795545277699986
509,Malta,MLT,2007,4.454000000000001,73.08,4.0,4.0,1.9273,5.130000066600001,19485.87119,0.1698462894
510,Malta,MLT,2010,4.704000000000001,75.82000000000001,4.0,4.0,12722.3226,5.2499999522000005,21799.17426,116.85774126700001
511,Malta,MLT,2012,4.397,73.34,4.0,4.0,1.9273,5.1200000763,22527.63676,0.1698462894
512,Malta,MLT,2014,5.004,76.66,4.0,5.0,22334.1209,4.0300000664999995,26754.26845,163.236186921
513,Marshall Islands,MHL,2007,2.46,60.94,2.0,4.0,1714.8459999999995,6.6400000095,2646.873996,22.6060792663
514,Marshall Islands,MHL,2010,2.46,60.94,2.0,4.0,1714.8459999999995,6.6400000095,2846.065542,22.6060792663
515,Marshall Islands,MHL,2012,2.4259999999999997,60.94,2.0,4.0,1714.8459999999995,7.1299999715,3181.6247,20.908944153300002
516,Marshall Islands,MHL,2014,2.4259999999999997,60.94,2.0,4.0,1714.8459999999995,7.1299999715,3185.261354,20.908944153300002
517,Mauritania,MRT,2007,1.6649999999999998,22.440000000000005,2.0,2.0,195689.7,9.700000332699998,1357.124285,1246.20061605
518,Mauritania,MRT,2010,2.0589999999999997,22.449999999999996,2.0,2.0,181950.1,9.400000285199999,1610.921603,1177.27494225
519,Mauritania,MRT,2012,1.8920000000000001,21.81,2.0,2.0,181950.1,9.700000332699998,1815.218939,1177.27494225
520,Mauritania,MRT,2014,2.0589999999999997,21.81,2.0,2.0,181950.1,9.400000285199999,1677.109019,1177.27494225
521,Mauritius,MUS,2007,5.311000000000001,68.83,4.0,4.0,22771.879999999997,4.2499999523,6574.654338,200.38668905699998
522,Mauritius,MUS,2010,5.665000000000001,66.46000000000001,5.0,4.0,22993.79,4.2899999618999995,8000.376432,200.38668905699998
523,Mauritius,MUS,2012,6.315,65.61,5.0,4.0,21664.2878,3.560000014199999,9291.236379,295.169251027
524,Mauritius,MUS,2014,4.851000000000001,65.32000000000001,5.0,4.0,22993.79,4.599999952299999,10153.93269,193.312164467
525,Mexico,MEX,2007,4.465,60.379999999999995,2.0,4.0,1163.5920436069996,4.799999952,9642.680517,11.504307713100001
526,Mexico,MEX,2010,5.035,61.379999999999995,2.0,4.0,1359.2519332069999,4.1499999045000004,9271.398396,12.8654180453
527,Micronesia (country),FSM,2007,2.339,57.96,2.0,3.0,4045.3220436069996,7.2599999428999995,2458.658394,58.855063464
528,Micronesia (country),FSM,2010,2.339,57.870000000000005,2.0,3.0,5912.54,7.2599999428999995,2885.305492,69.810016314
529,Micronesia (country),FSM,2012,4.304,57.55,2.0,3.0,6428.0548,4.910000038,3131.386715,68.311306003
530,Micronesia (country),FSM,2014,2.46,60.94,2.0,4.0,1715.3459999999995,6.6400000095,2971.512602,22.6060792663
531,Moldova,MDA,2007,2.5119999999999996,65.13000000000001,4.0,3.0,688.0175999800001,6.6399999619,1531.685476,40.79395120289999
532,Moldova,MDA,2010,2.532,65.43,4.0,3.0,1232.898,6.6399999619,2437.529978,15.486046816800002
533,Monaco,MCO,2007,5.004,61.3,2.0,3.0,7741.7300000000005,4.450000047600001,169966.3069,422.95595426
534,Monaco,MCO,2010,4.524,61.089999999999996,2.0,4.0,7246.860000000001,5.260000038,150737.8925,385.95867721
535,Monaco,MCO,2012,4.524,61.089999999999996,2.0,4.0,7246.860000000001,5.260000038,157520.2194,385.95867721
536,Monaco,MCO,2014,4.524,61.089999999999996,2.0,4.0,7246.860000000001,5.260000038,189432.37,385.95867721
537,Mongolia,MNG,2007,2.686,72.78,4.0,4.0,2.6273,6.340000105100001,1632.727582,1.000084729
538,Mongolia,MNG,2010,2.4539999999999997,62.760000000000005,4.0,4.0,1360.550512801,6.6400000095,2643.287083,26.92074012
539,Montenegro,MNE,2007,2.978,64.17,4.0,2.0,332.0,6.509999990599999,5976.394145,8.996745720200002
540,Montenegro,MNE,2010,5.643,71.94,4.0,2.0,22666.2,4.2099998952,6688.4824,200.38668905699998
541,Montenegro,MNE,2012,5.705,69.96000000000001,4.0,4.0,32944.81,4.269999980900001,6586.721279,233.29234576
542,Montenegro,MNE,2014,5.635000000000001,68.88000000000001,4.0,4.0,22771.879999999997,4.299999952399999,7388.147794,200.38668905699998
543,Morocco,MAR,2007,2.6350000000000002,71.99000000000001,4.0,3.0,7.0,6.340000105100001,2499.259938,0.5699113765
544,Morocco,MAR,2010,2.683,65.43,4.0,3.0,1232.898,6.509999990500001,2839.92612,15.447379928200002
545,Mozambique,MOZ,2007,1.2229999999999999,61.67999999999999,4.0,3.0,12.78043607,8.310000132999999,482.1985636,20.80380017
546,Mozambique,MOZ,2010,1.2229999999999999,61.67999999999999,4.0,3.0,16.2359998,8.310000132999999,471.9043433,23.46282963
547,Mozambique,MOZ,2012,2.033,66.39999999999999,4.0,3.0,38.72010455,8.3000001426,657.6446765,171.6315778
548,Mozambique,MOZ,2014,1.7759999999999998,63.919999999999995,4.0,3.0,53.5189605,8.310000132999999,673.969212,143.6173529
549,Myanmar,MMR,2007,2.092,65.58999999999999,4.0,3.0,19982.467927415,8.0000000951,512.5800861,161.20651469
550,Myanmar,MMR,2010,1.18,59.92999999999999,4.0,3.0,7870.7891,8.310000132999999,1018.13173,134.23186302899998
551,Myanmar,MMR,2012,1.18,59.92999999999999,4.0,3.0,7870.7891,8.310000132999999,1035.80424,134.23186302899998
552,Myanmar,MMR,2014,1.1520000000000001,59.94,4.0,4.0,5296.583599980001,8.310000132999999,1140.76652,82.141161115
553,Namibia,NAM,2007,2.267,58.519999999999996,2.0,3.0,7501.369100000001,7.6599999904,4405.410397,122.56220175100002
554,Namibia,NAM,2010,5.034000000000001,69.52,4.0,3.0,22666.2,4.2199999331999996,5394.996711,193.312164467
555,Namibia,NAM,2012,5.496,69.77000000000001,4.0,4.0,29450.5,4.3399999619,5942.29274,226.88465966999996
556,Namibia,NAM,2014,4.667999999999999,71.72,4.0,4.0,29450.5,5.3099999427,5469.901401,219.81013508
557,Nauru,NRU,2010,3.211,69.7,4.0,3.0,401.36,6.3500000955,4752.175082,7.6553355531
558,Nauru,NRU,2012,5.701000000000001,70.94,4.0,3.0,30035.609999999997,4.2899999618999995,9562.667866,233.92441584
559,Nauru,NRU,2014,5.177000000000001,69.60999999999999,4.0,3.0,26541.3,4.4399999142,10171.48073,220.86418721000004
560,Nepal,NPL,2007,1.1629999999999998,63.39,2.0,2.0,276.8,8.310000132999999,391.3800572,0.365956334
561,Nepal,NPL,2010,1.786,58.04999999999999,4.0,4.0,19109.423906505,8.310000132999999,592.4012071,147.95341259699998
562,Netherlands,NLD,2007,4.321,63.11999999999999,4.0,3.0,17194.73,5.300000191,51733.44213,408.68316929
563,Netherlands,NLD,2010,5.668000000000001,73.00999999999999,4.0,4.0,21594.97,4.5,50950.03434,322.605119947
564,New Zealand,NZL,2007,6.555,74.22,4.0,5.0,118.0,3.200000048,32479.98174,139.17924486590002
565,New Zealand,NZL,2010,4.838999999999999,74.66,4.0,5.0,18107.8209,4.5999999522,33676.77412,95.92048354499998
566,Nicaragua,NIC,2007,1.7899999999999998,30.339999999999996,2.0,3.0,29804.875802554998,9.1600002757,1327.957086,151.94749077200004
567,Nicaragua,NIC,2010,1.767,58.519999999999996,2.0,3.0,7547.549099999999,8.310000132999999,1503.872231,134.23186302899998
568,Nicaragua,NIC,2014,2.3630000000000004,56.77,2.0,3.0,15060.651896050002,7.2599999428999995,1934.062922,113.55285781299999
569,Niger,NER,2007,1.9629999999999996,48.93,5.0,3.0,29803.39591696,8.4700001711,390.2844802,158.54998726000002
570,Niger,NER,2010,1.9340000000000004,21.299999999999994,5.0,3.0,31825.772010455003,9.1600002757,476.8695322,164.95767335000002
571,Niger,NER,2012,1.433,57.79999999999999,5.0,3.0,12160.42099605,8.310000132999999,529.7444581,121.87968036339998
572,Niger,NER,2014,1.433,57.79999999999999,5.0,3.0,12160.42099605,8.310000132999999,564.5967488,121.87968036339998
573,Nigeria,NGA,2007,2.46,57.879999999999995,2.0,4.0,25998.875802554998,6.6899999619,1883.461388,170.51346768000002
574,Nigeria,NGA,2010,4.475,64.95,2.0,4.0,18153.39,4.870000028600001,2280.437337,127.67730138499996
575,Nigeria,NGA,2014,2.5629999999999997,59.19,2.0,4.0,1573.4150895599996,6.5199999808,3098.985791,37.92384587429999
576,North Macedonia,MKD,2007,2.966,65.55,4.0,3.0,16415.9937921,6.4799999237999995,4037.122452,120.17781881499995
577,North Macedonia,MKD,2010,4.502000000000001,71.03,4.0,3.0,34303.6,5.2799999236,4545.392131,206.60876795000004
578,Norway,NOR,2007,8.446000000000002,67.11999999999999,4.0,4.0,8540.130000000001,3.400000095,85139.96045,469.03601836999997
579,Norway,NOR,2010,6.786,67.35,4.0,4.0,8356.53,3.5,87693.79007,490.36460496999996
580,Oman,OMN,2007,4.589999999999999,65.09,2.0,3.0,20084.59,4.900000047700001,15838.46957,179.073079527
581,Oman,OMN,2010,4.752,64.0,2.0,3.0,16687.29,5.0300000191,18712.57015,117.267615704
582,Pakistan,PAK,2007,1.7999999999999994,22.48,2.0,3.0,29278.691896050004,9.1600002757,908.0950852,151.94749077200004
583,Pakistan,PAK,2010,1.7999999999999994,22.48,2.0,3.0,29278.691896050004,9.1600002757,987.409712,151.94749077200004
584,Palau,PLW,2007,2.767,60.67,2.0,4.0,721.8734895800001,6.349999952300001,10381.42387,13.123240208400002
585,Palau,PLW,2010,2.767,60.67,2.0,4.0,721.8734895800001,6.349999952300001,10356.63362,13.123240208400002
586,Palau,PLW,2012,10.771999999999998,72.21,4.0,4.0,24693.0378,2.9400000572,12044.10547,384.70330296000003
587,Palau,PLW,2014,5.975,75.67999999999999,4.0,4.0,30884.627800000006,4.1400000095000005,13711.7617,260.51795789000005
588,Panama,PAN,2007,2.767,59.11,2.0,4.0,411.87348958,6.349999952300001,6166.187862,13.123240208400002
589,Panama,PAN,2010,5.6930000000000005,65.92,5.0,5.0,20338.7,4.199999904899999,8082.019584,147.99775107500002
590,Papua New Guinea,PNG,2007,1.8219999999999998,30.339999999999996,4.0,2.0,29804.875802554998,9.1600002757,1401.949447,151.94749077200004
591,Papua New Guinea,PNG,2010,4.325,59.85,4.0,2.0,15079.241896049998,4.9000000477,1949.351185,127.67730138499996
592,Papua New Guinea,PNG,2012,4.314,68.65,4.0,2.0,20957.98,4.9700000764,2790.676303,197.112514446
593,Papua New Guinea,PNG,2014,4.314,68.65,4.0,2.0,20957.98,4.9700000764,2920.782986,197.112514446
594,Paraguay,PRY,2007,2.46,59.11,2.0,4.0,1573.4150895599996,6.629999971299999,2976.824014,35.6080985503
595,Paraguay,PRY,2010,2.534,59.04,2.0,4.0,1134.7014895799998,6.5199999808,4359.428415,31.900851216199992
596,Paraguay,PRY,2012,2.638,59.11,2.0,4.0,693.67348958,6.3399999618,5185.141549,12.211179948400002
597,Paraguay,PRY,2014,2.767,59.11,2.0,4.0,411.87348958,6.349999952300001,6118.31811,13.123240208400002
598,Peru,PER,2007,2.346,56.77,2.0,3.0,21278.6,7.2599999428999995,3606.070689,151.485803762
599,Peru,PER,2010,4.533999999999999,62.720000000000006,2.0,3.0,19235.989999999998,4.840000009500001,5082.353706,145.339688404
600,Philippines,PHL,2007,2.621,59.11,2.0,4.0,1573.4150895599996,6.3399999618,1744.639979,20.406330805300005
601,Philippines,PHL,2010,2.4509999999999996,75.87,4.0,4.0,24145.98402091,6.6700000288,2217.472153,179.14174392
602,Poland,POL,2007,4.726999999999999,73.36,4.0,4.0,41621.0,5.699999809,11254.51739,252.3889521
603,Poland,POL,2010,5.205,74.43,4.0,4.0,27998.4,5.0,12613.011,339.3028886
604,Portugal,PRT,2007,5.3530000000000015,77.27,4.0,4.0,3.266,4.400000095,22782.09462,0.113881371
605,Portugal,PRT,2010,5.2940000000000005,75.65,4.0,4.0,13661.548,3.900000095,22498.69086,95.8539552
606,Qatar,QAT,2007,8.604,68.85,4.0,4.0,8356.53,2.9300000191,65421.37692,432.17466785999994
607,Qatar,QAT,2010,8.604,68.85,4.0,4.0,8356.53,2.9300000191,67403.08768,432.17466785999994
608,Qatar,QAT,2012,8.604,66.9,4.0,4.0,8540.130000000001,2.9100000381,85075.98654,432.17466785999994
609,Qatar,QAT,2014,8.604,66.9,4.0,4.0,8540.130000000001,2.9100000381,83858.34046,432.17466785999994
610,Romania,ROU,2007,4.518,61.580000000000005,4.0,4.0,3100.0,4.699999809,8360.166321,14.99600123
611,Romania,ROU,2010,5.887,67.49,4.0,5.0,22977.8,4.099999905,8214.076893,147.99775107500002
612,Russia,RUS,2007,4.569,65.49000000000001,2.0,3.0,19444.19,4.6700000286000005,9101.255049,145.249316761
613,Russia,RUS,2010,4.689,62.08,2.0,3.0,1473.2445999999998,4.939999914,10674.99578,14.387205494400002
614,Rwanda,RWA,2007,1.779,20.349999999999994,2.0,2.0,198862.85,9.700000332699998,438.6641845,1246.20061605
615,Rwanda,RWA,2010,1.779,20.349999999999994,2.0,2.0,198862.85,9.700000332699998,609.724917,1246.20061605
616,Rwanda,RWA,2012,1.7149999999999999,19.949999999999996,2.0,2.0,198862.85,9.700000332699998,725.1697703,1246.20061605
617,Saint Kitts and Nevis,KNA,2007,4.587999999999999,64.02000000000001,2.0,3.0,20201.89,4.7400000572000005,14429.55024,179.073079527
618,Saint Kitts and Nevis,KNA,2010,4.6049999999999995,64.02000000000001,2.0,3.0,20201.89,4.7800000668000004,15510.19915,179.073079527
619,Saint Kitts and Nevis,KNA,2014,4.504,61.21999999999999,2.0,3.0,16804.59,5.0400000095,18051.17903,117.267615704
620,Saint Lucia,LCA,2007,4.608,64.89000000000001,2.0,3.0,19235.989999999998,4.6700000286000005,7969.797993,145.339688404
621,Saint Lucia,LCA,2010,4.6659999999999995,65.49000000000001,2.0,3.0,19235.989999999998,5.0300000191,8540.07098,144.952526404
622,Saint Lucia,LCA,2012,4.569,65.49000000000001,2.0,3.0,19444.19,4.6700000286000005,9086.387955,145.249316761
623,Saint Lucia,LCA,2014,4.731,66.56,2.0,3.0,19444.19,4.969999980900001,9843.308534,144.952526404
624,Saint Vincent and the Grenadines,VCT,2007,2.657,56.46,2.0,3.0,6056.6809960499995,6.3299999236,6307.313617,64.8826550522
625,Saint Vincent and the Grenadines,VCT,2010,2.657,56.46,2.0,3.0,6056.6809960499995,6.3299999236,6292.498854,64.8826550522
626,Saint Vincent and the Grenadines,VCT,2012,2.657,56.46,2.0,3.0,6056.6809960499995,6.3299999236,6390.310632,64.8826550522
627,Saint Vincent and the Grenadines,VCT,2014,2.657,56.46,2.0,3.0,6056.6809960499995,6.3299999236,6684.377547,64.8826550522
628,Samoa,WSM,2007,2.3590000000000004,57.870000000000005,2.0,3.0,5580.4400000000005,7.2599999428999995,3133.671327,68.374414351
629,Samoa,WSM,2010,2.231,62.660000000000004,4.0,3.0,14454.597584199995,7.65,3566.458277,113.55285781299999
630,Samoa,WSM,2014,1.9569999999999996,54.09999999999999,4.0,3.0,6654.639999999999,8.310000132999999,3937.779197,122.56220175100002
631,San Marino,SMR,2007,4.335999999999999,59.489999999999995,2.0,3.0,10865.659999999998,5.280000114400001,72697.70599,394.28203254
632,San Marino,SMR,2010,8.922,63.98,4.0,3.0,8540.130000000001,2.9599999906,60254.7763,432.17466785999994
633,San Marino,SMR,2012,4.476,69.87,4.0,3.0,1277.0788924,5.170000076300001,49988.46363,9.9659533942
634,San Marino,SMR,2014,8.719,70.91,4.0,4.0,21260.090000000004,3.0100000381,50817.33082,372.468094674
635,Sao Tome and Principe,STP,2007,1.652,20.549999999999997,2.0,2.0,198862.85,9.700000332699998,896.8677913,1246.20061605
636,Sao Tome and Principe,STP,2010,1.652,22.440000000000005,2.0,2.0,195689.7,9.700000332699998,1090.260763,1246.20061605
637,Sao Tome and Principe,STP,2012,1.652,22.690000000000005,2.0,2.0,195689.7,9.700000332699998,1330.620114,1246.20061605
638,Sao Tome and Principe,STP,2014,2.505,59.04,2.0,4.0,2043.5274895799998,6.5199999808,1770.467688,34.74283097399999
639,Saudi Arabia,SAU,2007,4.227,63.36,2.0,4.0,1163.9299999999998,5.5200000763,16516.63178,12.802997204500002
640,Saudi Arabia,SAU,2010,4.161,63.36,2.0,4.0,1163.9299999999998,5.5200000763,19262.5476,12.802997204500002
641,Saudi Arabia,SAU,2014,4.161,63.36,2.0,4.0,1071.1205999999997,5.5200000763,24464.21256,12.802997204500002
642,Senegal,SEN,2007,1.7899999999999998,30.339999999999996,2.0,3.0,29804.875802554998,9.1600002757,1198.392811,151.94749077200004
643,Senegal,SEN,2010,1.5799999999999998,57.629999999999995,2.0,3.0,15690.57189605,8.310000132999999,1271.583281,154.38256739099998
644,Serbia,SRB,2007,2.116,54.35,4.0,3.0,3822.0,8.0100000855,5848.476405,38.825329932399995
645,Serbia,SRB,2010,4.630999999999999,54.49000000000001,4.0,4.0,4952.0,4.9399999139,5735.422857,94.0163525722
646,Seychelles,SYC,2007,4.689,62.379999999999995,2.0,3.0,1347.4498896,4.9199999331,12154.82994,14.9761246174
647,Seychelles,SYC,2010,4.696,69.8,4.0,3.0,26228.49,5.050000000000001,10804.68447,250.02423551
648,Seychelles,SYC,2012,4.882,72.38,4.0,3.0,31449.579999999998,4.769999933199999,12006.68296,264.88273079
649,Seychelles,SYC,2014,4.764999999999999,74.0,4.0,4.0,28427.920000000002,4.9099999427,14700.33434,267.07640259
650,Sierra Leone,SLE,2007,1.779,20.349999999999994,2.0,2.0,188444.25,9.700000332699998,360.3716605,1246.20061605
651,Sierra Leone,SLE,2010,1.779,20.349999999999994,2.0,2.0,187570.65,9.700000332699998,401.8348761,1246.20061605
652,Sierra Leone,SLE,2012,1.779,20.349999999999994,2.0,2.0,198862.85,9.700000332699998,566.3782351,1246.20061605
653,Singapore,SGP,2007,8.886,73.96,4.0,5.0,27406.26,3.1000000714,39432.93835,427.814475067
654,Singapore,SGP,2010,5.323000000000001,75.0,4.0,5.0,27349.340000000004,4.159999990299999,47236.96023,344.061591807
655,Slovakia,SVK,2007,5.605,71.53999999999999,4.0,3.0,24569.09,4.599999905,16085.61152,249.93419975000006
656,Slovakia,SVK,2010,5.7170000000000005,75.19,4.0,4.0,32235.04,4.400000095,16750.79744,274.15092718
657,Slovenia,SVN,2007,3.5830000000000006,68.52,4.0,4.0,25489.34402091,6.599999905,23787.64656,218.91481015000005
658,Slovenia,SVN,2010,3.8050000000000006,69.33,4.0,4.0,13016.216810454998,6.199999809,23509.54314,147.912693804
659,Solomon Islands,SLB,2007,1.768,54.31999999999999,2.0,3.0,15141.07189605,8.310000132999999,1260.289404,154.38256739099998
660,Solomon Islands,SLB,2010,4.359,54.33,4.0,3.0,5047.951896050001,4.8799999712,1604.20583,108.922353743
661,Solomon Islands,SLB,2012,4.359,54.33,4.0,3.0,11148.6,4.880000019,2141.821522,165.59677582299997
662,Solomon Islands,SLB,2014,2.1510000000000002,63.54,4.0,4.0,15284.265802554999,8.0500001427,2274.887866,142.71290611299997
663,Somalia,SOM,2014,1.779,20.349999999999994,2.0,2.0,185271.1,9.700000332699998,295.2666099,1246.20061605
664,South Africa,ZAF,2007,4.734,68.53999999999999,4.0,3.0,19341.670000000002,4.969999980900001,6095.62157,174.112574704
665,South Africa,ZAF,2010,4.853999999999999,67.28,4.0,3.0,22459.07,4.519999933199999,7328.6152,222.47221276700003
666,South Korea,KOR,2007,4.7669999999999995,65.53999999999999,2.0,5.0,19294.4561,4.880000019000001,24086.41044,140.98394933500003
667,South Korea,KOR,2010,4.7669999999999995,65.53999999999999,2.0,5.0,19294.4561,4.880000019000001,23087.22564,140.98394933500003
668,South Sudan,SSD,2012,1.652,22.440000000000005,2.0,1.0,195689.7,9.700000332699998,1179.739711,1246.20061605
669,South Sudan,SSD,2014,1.652,22.690000000000005,2.0,1.0,195689.7,9.700000332699998,1322.820364,1246.20061605
670,Spain,ESP,2007,3.5830000000000006,68.52,4.0,4.0,25489.34402091,6.599999905,32549.97098,218.91481015000005
671,Spain,ESP,2010,4.667,75.09,5.0,4.0,21568.8848,5.5,30502.71971,236.35650476
672,Sri Lanka,LKA,2007,4.359,54.33,4.0,3.0,5047.951896050001,4.8799999712,1630.388906,108.922353743
673,Sri Lanka,LKA,2010,4.526999999999999,67.86,4.0,3.0,21285.57,4.860000038200001,2799.648738,226.272562746
674,Sudan,SDN,2007,1.0230000000000001,59.06,4.0,2.0,6920.87,8.310000132999999,1128.410266,163.391911329
675,Sudan,SDN,2010,4.082999999999999,53.71,4.0,2.0,4732.8518960500005,5.2499999999,1489.874087,109.44725200300002
676,Sudan,SDN,2012,1.6130000000000002,58.019999999999996,4.0,2.0,15690.57189605,8.310000132999999,1332.914187,154.38256739099998
677,Sudan,SDN,2014,4.309,65.83000000000001,4.0,2.0,6320.25189605,4.970000076300001,1625.463728,108.92915500710004
678,Suriname,SUR,2007,4.698,62.28000000000001,2.0,3.0,19563.579999999998,5.1000000000000005,5744.759727,174.112574704
679,Suriname,SUR,2010,4.608,65.49000000000001,2.0,3.0,21690.79,4.6700000286000005,8255.874872,222.47221276700003
680,Suriname,SUR,2012,4.608,65.49000000000001,2.0,3.0,21690.79,4.6700000286000005,9200.974786,222.47221276700003
681,Suriname,SUR,2014,4.812,65.32000000000001,5.0,4.0,24808.19,4.699999952299999,9471.922001,236.82130825000004
682,Sweden,SWE,2007,7.678,69.72999999999999,4.0,4.0,8026.1,3.1400000571,53700.00534,383.4141419
683,Sweden,SWE,2010,4.6739999999999995,68.77,4.0,4.0,8227.9,5.3600000381,52869.04429,543.9894351
684,Switzerland,CHE,2007,4.224,61.220000000000006,2.0,4.0,7.0,5.400000095,65359.51922,77.71213383310001
685,Switzerland,CHE,2010,9.222,52.14,2.0,4.0,8540.130000000001,2.919999981,77117.12601,432.17466785999994
686,Syria,SYR,2007,2.5569999999999995,75.53,4.0,4.0,27797.912010455002,6.5700000288,2032.623183,214.28749626000004
687,Tajikistan,TJK,2007,1.027,56.79999999999999,4.0,3.0,1900.6452435669994,8.310000132999999,526.6432883,43.70837425979999
688,Tajikistan,TJK,2010,1.7280000000000002,60.75,4.0,3.0,3810.7394802500007,8.310000132999999,749.5524123,117.68796058999999
689,Tajikistan,TJK,2012,1.012,58.33,4.0,3.0,6920.87,8.310000132999999,969.2961039,163.391911329
690,Tajikistan,TJK,2014,1.139,59.760000000000005,4.0,3.0,6485.30359998,8.310000132999999,1104.172358,111.30120941500002
691,Tanzania,TZA,2007,1.8210000000000002,58.56999999999999,4.0,4.0,25075.34781301,8.3000001426,552.8395016,188.75997205000002
692,Tanzania,TZA,2010,1.8080000000000003,61.60999999999999,4.0,4.0,24868.627698605,8.3000001426,743.4036639,188.75997205000002
693,Tanzania,TZA,2012,2.0940000000000003,67.46,4.0,4.0,25906.495916959997,8.0500001427,867.8574989,188.75997205000002
694,Tanzania,TZA,2014,2.065,69.9,4.0,4.0,33626.75189605,8.0200001714,1030.077648,185.42221236000006
695,Thailand,THA,2007,4.513000000000001,66.31,4.0,4.0,26752.090000000004,5.0,3973.017172,242.80701229000002
696,Thailand,THA,2010,4.603999999999999,66.66,4.0,4.0,24808.19,4.6900000095,5076.339872,236.82130825000004
697,Timor,TLS,2007,1.779,20.349999999999994,2.0,2.0,198862.85,9.700000332699998,523.7375385,1246.20061605
698,Timor,TLS,2010,1.652,20.559999999999995,2.0,2.0,198862.85,9.700000332699998,806.4135263,1246.20061605
699,Timor,TLS,2012,1.652,20.71,2.0,2.0,198862.85,9.700000332699998,1013.042872,1246.20061605
700,Timor,TLS,2014,1.652,22.440000000000005,2.0,2.0,195689.7,9.700000332699998,1232.453997,1246.20061605
701,Togo,TGO,2007,1.7869999999999997,20.349999999999994,2.0,3.0,198862.85,9.700000332699998,449.7382505,1246.20061605
702,Togo,TGO,2010,1.027,58.35,2.0,3.0,3376.98759998,8.310000132999999,534.0447826,50.14983107419999
703,Togo,TGO,2012,1.7409999999999997,58.05999999999999,5.0,3.0,21984.74781301,8.3000001426,571.8067239,187.5651405
704,Togo,TGO,2014,1.7280000000000002,21.349999999999994,5.0,2.0,195689.7,9.700000332699998,640.9342196,1246.20061605
705,Tonga,TON,2007,2.616,74.66999999999999,4.0,2.0,27797.912010455002,6.419999981199998,2910.145122,214.28749626000004
706,Tonga,TON,2010,5.162,69.04,4.0,3.0,21545.79,4.309999942799999,3527.952342,226.272562746
707,Tonga,TON,2014,4.568,66.31,4.0,4.0,26974.0,4.6900000095,4354.24436,242.80701229000002
708,Trinidad and Tobago,TTO,2007,4.4159999999999995,62.31,2.0,3.0,17084.489999999998,5.050000047700001,16539.89075,146.42766400399998
709,Trinidad and Tobago,TTO,2010,4.4159999999999995,62.31,2.0,3.0,17084.489999999998,5.050000047700001,16683.39306,146.42766400399998
710,Trinidad and Tobago,TTO,2012,4.656999999999999,66.39,2.0,4.0,13673.89,5.2200000285999995,19157.45977,146.42766400399998
711,Trinidad and Tobago,TTO,2014,4.548,66.39,2.0,4.0,13673.89,5.1600000381,20270.93377,146.42766400399998
712,Tunisia,TUN,2007,2.966,65.55,4.0,3.0,10447.0,6.4799999237999995,3776.332046,158.097293253
713,Tunisia,TUN,2010,4.502000000000001,70.34,4.0,3.0,27964.190000000002,5.0100000382,4141.975964,248.97018338000004
714,Turkey,TUR,2007,4.569,65.49000000000001,2.0,3.0,21912.7,4.6700000286000005,9791.88245,222.47221276700003
715,Turkey,TUR,2010,4.994,68.66,4.0,5.0,20998.28,4.2599999427999995,10742.77498,170.08327478500001
716,Turkmenistan,TKM,2007,2.611,57.56999999999999,2.0,4.0,17584.872010455,6.3399999141,2600.368758,149.33786711499997
717,Turkmenistan,TKM,2010,4.553999999999999,64.95,2.0,4.0,23856.6,4.9800000191,4439.202128,226.272562746
718,Turkmenistan,TKM,2012,4.85,61.33,2.0,4.0,24039.91,4.479999923599999,6675.178055,236.82130825000004
719,Turkmenistan,TKM,2014,4.796,67.83,4.0,4.0,24808.19,4.8399999618,7962.244925,236.82130825000004
720,Tuvalu,TUV,2007,2.611,57.56999999999999,2.0,4.0,17584.872010455,6.3399999141,2645.109505,149.33786711499997
721,Tuvalu,TUV,2010,2.6450000000000005,67.51,5.0,4.0,22778.84402091,6.5999999049,3024.761774,189.124770476
722,Tuvalu,TUV,2012,4.6259999999999994,64.75000000000001,5.0,4.0,26974.0,4.9800000191,3506.308144,242.80701229000002
723,Tuvalu,TUV,2014,4.6259999999999994,64.75000000000001,5.0,4.0,26974.0,4.9800000191,3398.39675,242.80701229000002
724,Uganda,UGA,2007,1.987,30.339999999999996,2.0,4.0,27561.39591696,9.150000285299999,403.6637446,181.10753907200004
725,Uganda,UGA,2010,1.7309999999999999,59.4,2.0,4.0,26116.175802555,8.3000001426,819.0074652,188.75997205000002
726,Ukraine,UKR,2007,2.5140000000000002,56.980000000000004,2.0,3.0,7053.0,6.469999933199999,3065.611294,158.347211053
727,Ukraine,UKR,2010,1.9829999999999999,58.15999999999999,4.0,3.0,3150.0,8.310000132999999,2965.139715,41.900271456999995
728,United Arab Emirates,ARE,2007,8.45,69.24999999999999,4.0,3.0,21630.33,3.0700000761,41809.46216,359.36557569400003
729,United Arab Emirates,ARE,2010,4.686999999999999,73.35,4.0,5.0,18484.856099999997,5.479999923599999,33893.26387,116.65573512500002
730,United Kingdom,GBR,2007,4.962000000000001,74.21,4.0,5.0,26977.27,4.699999809,50444.93015,372.285518597
731,United Kingdom,GBR,2010,5.93,74.59,4.0,5.0,29401.32,4.0,39536.77268,349.89855175
732,United States,USA,2007,5.6610000000000005,67.55,2.0,3.0,20213.54,4.199999809,47975.9677,351.765168247
733,United States,USA,2010,6.165,53.40999999999999,2.0,5.0,24599.420000000002,3.599999905,48466.6576,443.107179207
734,Uruguay,URY,2007,4.833,63.839999999999996,2.0,5.0,24887.09,4.5799999236,7026.503055,180.91177137800003
735,Uruguay,URY,2010,5.316,73.33000000000001,4.0,5.0,12604.18,4.1399999619,11992.02377,12.07471357
736,Uzbekistan,UZB,2007,1.768,54.31999999999999,2.0,3.0,15141.07189605,8.310000132999999,830.4076942,154.38256739099998
737,Uzbekistan,UZB,2010,4.359,58.11999999999999,2.0,3.0,5597.451896050001,4.8799999712,1634.312095,108.26087022000002
738,Vanuatu,VUT,2007,1.951,21.849999999999998,2.0,2.0,181950.1,9.700000332699998,2352.973255,1177.27494225
739,Vanuatu,VUT,2010,4.502000000000001,68.85,5.0,3.0,21507.48,4.940000057300001,2839.40634,226.272562746
740,Vanuatu,VUT,2012,2.145,48.26,5.0,3.0,33455.323906505,8.1600001332,2997.293432,172.22340074000005
741,Vanuatu,VUT,2014,2.145,48.26,5.0,3.0,33455.323906505,8.1600001332,2926.67996,172.22340074000005
742,Venezuela,VEN,2007,5.0200000000000005,65.94,2.0,4.0,24039.91,4.2899999618,8454.469536,236.82130825000004
743,Venezuela,VEN,2010,4.7540000000000004,66.52,2.0,4.0,20028.06,4.7299999713,13825.35712,208.233127827
744,Venezuela,VEN,2014,4.622,66.52,2.0,4.0,20028.06,5.1400000095000005,16055.64532,208.233127827
745,Vietnam,VNM,2007,1.6269999999999996,57.289999999999985,4.0,3.0,15690.57189605,8.310000132999999,906.2842299,154.38256739099998
746,Vietnam,VNM,2010,1.5859999999999999,58.71999999999999,4.0,3.0,15690.57189605,8.310000132999999,1317.890646,154.38256739099998
